"Residential and non-residential floor space within localities, by region by region, type of property, observations and every fifth year",,,,,,,,,,,
,,,,,,,,,,,
region,type of property,Residential floor space in 1000 sq.m 2000,Residential floor space in 1000 sq.m 2005,Residential floor space in 1000 sq.m 2010,Residential floor space in 1000 sq.m 2015,Residential floor space in 1000 sq.m 2020,Non-residential floor space in 1000 sq.m 2000,Non-residential floor space in 1000 sq.m 2005,Non-residential floor space in 1000 sq.m 2010,Non-residential floor space in 1000 sq.m 2015,Non-residential floor space in 1000 sq.m 2020
0114 Upplands Väsby,one- or two dwelling buildings,639,684,722,760,855,..,..,..,..,..
0114 Upplands Väsby,multi-dwelling and commercial buildings,757,775,809,844,909,315,332,387,440,401
0114 Upplands Väsby,industrial buildings,..,..,..,..,..,266,280,373,341,362
0114 Upplands Väsby,total,1396,1459,1531,1603,1765,581,611,760,781,764
0115 Vallentuna,one- or two dwelling buildings,589,626,744,846,911,..,..,..,..,..
0115 Vallentuna,multi-dwelling and commercial buildings,237,265,280,295,318,41,43,70,79,85
0115 Vallentuna,industrial buildings,..,..,..,..,..,96,106,131,144,154
0115 Vallentuna,total,826,891,1024,1141,1228,137,149,202,223,239
0117 Österåker,one- or two dwelling buildings,1001,1169,1241,1488,1656,..,..,..,..,..
0117 Österåker,multi-dwelling and commercial buildings,246,274,291,329,378,99,107,139,171,199
0117 Österåker,industrial buildings,..,..,..,..,..,111,120,127,127,139
0117 Österåker,total,1248,1443,1533,1817,2034,210,227,266,299,337
0120 Värmdö,one- or two dwelling buildings,603,831,923,1562,1689,..,..,..,..,..
0120 Värmdö,multi-dwelling and commercial buildings,252,266,314,354,434,73,129,195,205,215
0120 Värmdö,industrial buildings,..,..,..,..,1,99,123,103,136,112
0120 Värmdö,total,854,1096,1237,1916,2123,172,252,298,341,327
0123 Järfälla,one- or two dwelling buildings,1249,1308,1369,1414,1460,..,..,..,..,..
0123 Järfälla,multi-dwelling and commercial buildings,1173,1234,1288,1394,1627,415,525,548,645,674
0123 Järfälla,industrial buildings,..,..,..,..,..,550,581,586,636,639
0123 Järfälla,total,2423,2542,2657,2808,3088,965,1106,1135,1281,1313
0125 Ekerö,one- or two dwelling buildings,551,628,735,879,996,..,..,..,..,..
0125 Ekerö,multi-dwelling and commercial buildings,93,100,102,101,119,16,18,26,38,65
0125 Ekerö,industrial buildings,..,..,..,..,..,40,40,43,64,64
0125 Ekerö,total,644,728,837,979,1114,56,58,69,101,129
0126 Huddinge,one- or two dwelling buildings,1865,2035,2189,2350,2530,..,..,..,..,..
0126 Huddinge,multi-dwelling and commercial buildings,1363,1407,1469,1518,1656,631,772,829,965,1153
0126 Huddinge,industrial buildings,..,..,..,..,..,548,537,586,632,694
0126 Huddinge,total,3228,3442,3658,3868,4186,1179,1309,1415,1597,1848
0127 Botkyrka,one- or two dwelling buildings,1187,1310,1385,1467,1559,..,..,..,..,..
0127 Botkyrka,multi-dwelling and commercial buildings,1437,1461,1495,1540,1636,405,374,428,394,398
0127 Botkyrka,industrial buildings,..,..,..,..,..,327,426,493,547,570
0127 Botkyrka,total,2623,2771,2880,3007,3195,732,799,921,941,968
0128 Salem,one- or two dwelling buildings,388,426,457,482,498,..,..,..,..,..
0128 Salem,multi-dwelling and commercial buildings,162,185,185,190,203,17,21,23,26,27
0128 Salem,industrial buildings,..,..,..,..,..,8,8,8,8,10
0128 Salem,total,551,611,642,673,702,25,29,31,34,37
0136 Haninge,one- or two dwelling buildings,1266,1365,1466,1747,1887,..,..,..,..,..
0136 Haninge,multi-dwelling and commercial buildings,1295,1322,1364,1439,1574,439,500,503,523,558
0136 Haninge,industrial buildings,..,..,..,..,..,518,626,712,754,850
0136 Haninge,total,2561,2687,2830,3186,3462,957,1125,1215,1277,1408
0138 Tyresö,one- or two dwelling buildings,970,1054,1113,1192,1256,..,..,..,..,..
0138 Tyresö,multi-dwelling and commercial buildings,577,621,635,703,772,86,104,104,121,136
0138 Tyresö,industrial buildings,..,..,..,..,..,158,174,186,188,198
0138 Tyresö,total,1548,1675,1748,1896,2028,244,279,290,309,334
0139 Upplands-Bro,one- or two dwelling buildings,378,414,461,520,586,..,..,..,..,..
0139 Upplands-Bro,multi-dwelling and commercial buildings,354,351,398,409,479,91,79,73,69,108
0139 Upplands-Bro,industrial buildings,..,..,..,..,..,135,147,149,222,413
0139 Upplands-Bro,total,732,765,859,928,1066,226,227,222,291,521
0140 Nykvarn,one- or two dwelling buildings,191,202,225,246,305,..,..,..,..,..
0140 Nykvarn,multi-dwelling and commercial buildings,48,51,59,69,83,10,13,12,9,24
0140 Nykvarn,industrial buildings,..,..,..,..,..,58,70,72,110,214
0140 Nykvarn,total,239,253,285,315,388,68,83,84,119,239
0160 Täby,one- or two dwelling buildings,1777,1835,1914,1998,2099,..,..,..,..,..
0160 Täby,multi-dwelling and commercial buildings,837,875,934,1050,1180,386,399,373,555,603
0160 Täby,industrial buildings,..,..,..,..,4,175,171,162,306,316
0160 Täby,total,2613,2710,2849,3048,3283,561,570,535,861,919
0162 Danderyd,one- or two dwelling buildings,1082,1122,1153,1191,1237,..,..,..,..,..
0162 Danderyd,multi-dwelling and commercial buildings,371,391,400,418,433,275,291,276,297,333
0162 Danderyd,industrial buildings,..,..,..,..,..,48,54,57,68,76
0162 Danderyd,total,1453,1513,1553,1608,1670,322,344,333,365,409
0163 Sollentuna,one- or two dwelling buildings,1485,1566,1671,1732,1822,..,..,..,..,..
0163 Sollentuna,multi-dwelling and commercial buildings,862,904,946,1101,1190,539,611,736,750,766
0163 Sollentuna,industrial buildings,..,..,..,..,3,362,363,355,335,361
0163 Sollentuna,total,2348,2469,2617,2833,3015,901,974,1091,1084,1127
0180 Stockholm,one- or two dwelling buildings,5283,5229,5379,5565,5772,..,..,..,..,..
0180 Stockholm,multi-dwelling and commercial buildings,23372,24217,25985,27511,29128,14254,14662,15458,15732,16149
0180 Stockholm,industrial buildings,..,..,..,1,5,4456,3816,3301,3030,2787
0180 Stockholm,total,28655,29446,31365,33077,34905,18710,18478,18759,18762,18936
0181 Södertälje,one- or two dwelling buildings,978,1071,1145,1247,1379,..,..,..,..,..
0181 Södertälje,multi-dwelling and commercial buildings,1729,1751,1801,1854,1950,567,682,792,799,888
0181 Södertälje,industrial buildings,..,..,..,..,..,1249,1306,1318,1299,1338
0181 Södertälje,total,2708,2822,2946,3101,3329,1817,1989,2111,2098,2226
0182 Nacka,one- or two dwelling buildings,1696,1840,1979,2199,2366,..,..,..,..,..
0182 Nacka,multi-dwelling and commercial buildings,1357,1456,1635,1758,2034,701,787,839,906,981
0182 Nacka,industrial buildings,..,..,..,..,..,304,333,337,313,313
0182 Nacka,total,3052,3295,3614,3957,4399,1005,1120,1176,1220,1294
0183 Sundbyberg,one- or two dwelling buildings,110,111,161,190,214,..,..,..,..,..
0183 Sundbyberg,multi-dwelling and commercial buildings,1134,1150,1222,1405,1605,651,673,733,811,809
0183 Sundbyberg,industrial buildings,..,..,..,..,..,79,121,45,44,50
0183 Sundbyberg,total,1245,1261,1383,1595,1820,729,793,778,855,859
0184 Solna,one- or two dwelling buildings,88,80,86,115,146,..,..,..,..,..
0184 Solna,multi-dwelling and commercial buildings,2057,2229,2417,2676,2833,1648,1917,1994,2410,2681
0184 Solna,industrial buildings,..,..,..,1,18,367,325,305,274,183
0184 Solna,total,2145,2308,2503,2792,2998,2015,2242,2299,2683,2864
0186 Lidingö,one- or two dwelling buildings,996,1046,1086,1125,1173,..,..,..,..,..
0186 Lidingö,multi-dwelling and commercial buildings,806,865,899,940,1003,232,234,245,248,288
0186 Lidingö,industrial buildings,..,..,..,..,9,131,147,131,120,129
0186 Lidingö,total,1802,1911,1985,2065,2186,364,381,376,368,417
0187 Vaxholm,one- or two dwelling buildings,224,245,296,417,433,..,..,..,..,..
0187 Vaxholm,multi-dwelling and commercial buildings,115,124,123,136,172,32,28,25,26,32
0187 Vaxholm,industrial buildings,..,..,..,..,2,8,9,9,20,30
0187 Vaxholm,total,340,369,419,553,606,40,37,35,46,63
0188 Norrtälje,one- or two dwelling buildings,694,696,730,1119,1363,..,..,..,..,..
0188 Norrtälje,multi-dwelling and commercial buildings,618,646,685,742,825,233,247,268,288,337
0188 Norrtälje,industrial buildings,..,..,..,..,..,387,407,430,456,465
0188 Norrtälje,total,1312,1342,1414,1861,2188,619,654,697,744,802
0191 Sigtuna,one- or two dwelling buildings,482,537,572,638,695,..,..,..,..,..
0191 Sigtuna,multi-dwelling and commercial buildings,675,709,754,812,886,200,178,209,167,208
0191 Sigtuna,industrial buildings,..,..,..,1,1,233,187,387,351,488
0191 Sigtuna,total,1157,1246,1327,1451,1582,432,365,596,519,696
0192 Nynäshamn,one- or two dwelling buildings,386,409,458,519,538,..,..,..,..,..
0192 Nynäshamn,multi-dwelling and commercial buildings,388,393,414,446,465,96,140,187,189,164
0192 Nynäshamn,industrial buildings,..,..,..,..,..,117,124,82,83,84
0192 Nynäshamn,total,775,802,872,964,1003,213,264,269,272,248
0305 Håbo,one- or two dwelling buildings,523,583,606,646,712,..,..,..,..,..
0305 Håbo,multi-dwelling and commercial buildings,118,129,145,154,178,58,68,67,73,83
0305 Håbo,industrial buildings,..,..,..,..,..,115,127,148,160,179
0305 Håbo,total,641,712,751,799,890,173,195,215,234,262
0319 Älvkarleby,one- or two dwelling buildings,285,293,298,307,314,..,..,..,..,..
0319 Älvkarleby,multi-dwelling and commercial buildings,90,88,88,85,89,38,44,43,37,41
0319 Älvkarleby,industrial buildings,..,..,..,..,..,178,181,179,187,196
0319 Älvkarleby,total,374,382,386,392,403,216,225,223,224,237
0330 Knivsta,one- or two dwelling buildings,..,260,306,353,389,..,..,..,..,..
0330 Knivsta,multi-dwelling and commercial buildings,..,94,103,133,181,..,19,35,43,47
0330 Knivsta,industrial buildings,..,..,..,..,..,..,15,12,18,18
0330 Knivsta,total,..,354,409,486,570,..,34,47,61,65
0331 Heby,one- or two dwelling buildings,..,..,292,293,311,..,..,..,..,..
0331 Heby,multi-dwelling and commercial buildings,..,..,98,91,96,..,..,58,37,37
0331 Heby,industrial buildings,..,..,..,..,..,..,..,111,128,175
0331 Heby,total,..,..,390,384,406,..,..,169,165,212
0360 Tierp,one- or two dwelling buildings,380,384,392,391,409,..,..,..,..,..
0360 Tierp,multi-dwelling and commercial buildings,207,217,218,227,233,72,83,88,98,96
0360 Tierp,industrial buildings,..,..,..,..,..,281,288,291,246,265
0360 Tierp,total,587,601,609,618,642,354,370,379,344,361
0380 Uppsala,one- or two dwelling buildings,2064,2188,2326,2579,2801,..,..,..,..,..
0380 Uppsala,multi-dwelling and commercial buildings,3909,4159,4383,4696,5321,1202,1383,1541,1774,1980
0380 Uppsala,industrial buildings,..,..,..,..,3,1071,1106,1090,1101,1106
0380 Uppsala,total,5973,6348,6709,7276,8125,2273,2489,2631,2875,3086
0381 Enköping,one- or two dwelling buildings,519,552,594,629,732,..,..,..,..,..
0381 Enköping,multi-dwelling and commercial buildings,513,497,571,595,661,196,227,229,253,258
0381 Enköping,industrial buildings,..,..,..,..,..,313,319,278,270,328
0381 Enköping,total,1032,1049,1165,1224,1393,509,547,507,523,586
0382 Östhammar,one- or two dwelling buildings,445,458,482,507,534,..,..,..,..,..
0382 Östhammar,multi-dwelling and commercial buildings,222,226,227,224,218,74,86,91,87,90
0382 Östhammar,industrial buildings,..,..,..,..,1,188,205,245,255,268
0382 Östhammar,total,666,684,710,731,752,262,292,336,342,358
0428 Vingåker,one- or two dwelling buildings,186,188,189,216,221,..,..,..,..,..
0428 Vingåker,multi-dwelling and commercial buildings,107,94,89,92,96,36,36,46,47,49
0428 Vingåker,industrial buildings,..,..,..,..,..,91,103,100,107,106
0428 Vingåker,total,292,282,278,308,317,127,139,147,154,155
0461 Gnesta,one- or two dwelling buildings,175,185,196,209,221,..,..,..,..,..
0461 Gnesta,multi-dwelling and commercial buildings,97,104,110,118,133,31,33,38,40,41
0461 Gnesta,industrial buildings,..,..,..,..,..,50,51,52,56,57
0461 Gnesta,total,272,288,306,327,353,81,84,90,96,98
0480 Nyköping,one- or two dwelling buildings,783,812,871,943,996,..,..,..,..,..
0480 Nyköping,multi-dwelling and commercial buildings,921,932,970,1018,1084,381,413,455,479,496
0480 Nyköping,industrial buildings,..,..,..,..,..,496,514,456,528,560
0480 Nyköping,total,1704,1745,1841,1961,2081,876,927,911,1007,1056
0481 Oxelösund,one- or two dwelling buildings,275,280,283,301,308,..,..,..,..,..
0481 Oxelösund,multi-dwelling and commercial buildings,211,213,221,226,230,71,68,72,79,83
0481 Oxelösund,industrial buildings,..,..,..,..,..,294,305,362,335,336
0481 Oxelösund,total,486,492,504,527,538,366,374,433,415,419
0482 Flen,one- or two dwelling buildings,349,357,330,370,374,..,..,..,..,..
0482 Flen,multi-dwelling and commercial buildings,243,232,225,227,230,96,105,86,128,134
0482 Flen,industrial buildings,..,..,..,..,..,217,213,180,157,143
0482 Flen,total,592,588,555,597,605,314,318,266,285,277
0483 Katrineholm,one- or two dwelling buildings,571,590,606,610,640,..,..,..,..,..
0483 Katrineholm,multi-dwelling and commercial buildings,553,554,559,565,597,218,214,237,247,258
0483 Katrineholm,industrial buildings,..,..,..,..,..,347,367,403,408,420
0483 Katrineholm,total,1124,1144,1165,1175,1237,565,582,640,655,678
0484 Eskilstuna,one- or two dwelling buildings,1390,1497,1578,1724,1834,..,..,..,..,..
0484 Eskilstuna,multi-dwelling and commercial buildings,1959,1975,1996,2065,2149,643,758,734,765,819
0484 Eskilstuna,industrial buildings,..,..,..,..,..,1112,1104,1198,997,999
0484 Eskilstuna,total,3349,3472,3574,3788,3982,1755,1862,1932,1762,1817
0486 Strängnäs,one- or two dwelling buildings,521,552,611,733,797,..,..,..,..,..
0486 Strängnäs,multi-dwelling and commercial buildings,455,479,495,510,576,152,170,199,216,241
0486 Strängnäs,industrial buildings,..,..,..,..,..,263,250,320,383,355
0486 Strängnäs,total,976,1031,1106,1243,1373,415,420,519,599,596
0488 Trosa,one- or two dwelling buildings,271,306,330,380,471,..,..,..,..,..
0488 Trosa,multi-dwelling and commercial buildings,91,96,111,120,166,36,38,37,44,48
0488 Trosa,industrial buildings,..,..,..,..,..,99,100,112,109,115
0488 Trosa,total,362,403,441,499,636,135,138,149,153,163
0509 Ödeshög,one- or two dwelling buildings,108,110,110,112,113,..,..,..,..,..
0509 Ödeshög,multi-dwelling and commercial buildings,36,42,41,40,41,24,26,22,28,24
0509 Ödeshög,industrial buildings,..,..,..,..,..,54,52,58,63,70
0509 Ödeshög,total,144,151,151,151,153,78,78,79,91,94
0512 Ydre,one- or two dwelling buildings,72,73,73,74,75,..,..,..,..,..
0512 Ydre,multi-dwelling and commercial buildings,13,12,12,11,12,8,9,8,10,11
0512 Ydre,industrial buildings,..,..,..,..,..,44,44,49,49,53
0512 Ydre,total,85,85,85,85,86,52,53,57,60,63
0513 Kinda,one- or two dwelling buildings,216,219,226,234,247,..,..,..,..,..
0513 Kinda,multi-dwelling and commercial buildings,84,81,81,81,81,36,39,41,46,49
0513 Kinda,industrial buildings,..,..,..,..,..,127,136,142,119,191
0513 Kinda,total,300,300,307,315,329,162,174,183,165,240
0560 Boxholm,one- or two dwelling buildings,111,112,113,116,117,..,..,..,..,..
0560 Boxholm,multi-dwelling and commercial buildings,111,61,59,56,57,19,21,22,24,22
0560 Boxholm,industrial buildings,..,..,..,..,..,135,135,143,126,108
0560 Boxholm,total,221,173,172,172,174,154,156,165,151,130
0561 Åtvidaberg,one- or two dwelling buildings,294,301,309,317,325,..,..,..,..,..
0561 Åtvidaberg,multi-dwelling and commercial buildings,139,127,126,127,131,58,59,51,57,60
0561 Åtvidaberg,industrial buildings,..,..,..,..,..,112,115,116,108,111
0561 Åtvidaberg,total,434,428,434,443,455,170,174,167,165,171
0562 Finspång,one- or two dwelling buildings,449,455,465,477,486,..,..,..,..,..
0562 Finspång,multi-dwelling and commercial buildings,350,332,337,329,331,152,172,168,182,185
0562 Finspång,industrial buildings,..,..,..,..,..,333,336,355,326,357
0562 Finspång,total,799,788,802,807,817,485,509,523,508,542
0563 Valdemarsvik,one- or two dwelling buildings,151,151,153,196,200,..,..,..,..,..
0563 Valdemarsvik,multi-dwelling and commercial buildings,92,94,94,96,94,38,39,40,45,43
0563 Valdemarsvik,industrial buildings,..,..,..,..,..,103,104,102,71,72
0563 Valdemarsvik,total,242,245,247,292,294,142,142,142,116,116
0580 Linköping,one- or two dwelling buildings,2047,2160,2317,2464,2614,..,..,..,..,..
0580 Linköping,multi-dwelling and commercial buildings,2982,3098,3217,3338,3639,1416,1499,1576,1702,1868
0580 Linköping,industrial buildings,..,..,..,..,1,1284,1322,1384,1414,1415
0580 Linköping,total,5029,5258,5534,5802,6253,2700,2821,2960,3116,3283
0581 Norrköping,one- or two dwelling buildings,1939,2015,2162,2270,2399,..,..,..,..,..
0581 Norrköping,multi-dwelling and commercial buildings,2742,2734,2773,2863,3032,1124,1198,1257,1376,1480
0581 Norrköping,industrial buildings,..,..,..,..,7,1699,1737,1859,1871,1864
0581 Norrköping,total,4681,4749,4935,5133,5438,2823,2935,3115,3247,3344
0582 Söderköping,one- or two dwelling buildings,215,223,233,260,268,..,..,..,..,..
0582 Söderköping,multi-dwelling and commercial buildings,146,151,152,156,161,53,61,65,69,67
0582 Söderköping,industrial buildings,..,..,..,2,3,70,79,78,81,89
0582 Söderköping,total,362,374,385,419,432,123,140,144,150,157
0583 Motala,one- or two dwelling buildings,870,889,916,973,986,..,..,..,..,..
0583 Motala,multi-dwelling and commercial buildings,647,660,663,660,668,252,269,281,311,329
0583 Motala,industrial buildings,..,..,..,..,..,582,588,611,616,619
0583 Motala,total,1516,1549,1579,1633,1654,833,856,892,927,948
0584 Vadstena,one- or two dwelling buildings,150,156,151,156,163,..,..,..,..,..
0584 Vadstena,multi-dwelling and commercial buildings,120,127,127,126,126,46,49,52,50,53
0584 Vadstena,industrial buildings,..,..,..,..,..,78,82,87,90,96
0584 Vadstena,total,270,283,278,282,289,124,131,138,141,149
0586 Mjölby,one- or two dwelling buildings,499,524,548,569,602,..,..,..,..,..
0586 Mjölby,multi-dwelling and commercial buildings,387,409,410,414,418,124,171,165,200,170
0586 Mjölby,industrial buildings,..,..,..,..,..,547,511,542,545,585
0586 Mjölby,total,887,933,957,983,1020,672,682,707,745,755
0604 Aneby,one- or two dwelling buildings,147,148,149,153,155,..,..,..,..,..
0604 Aneby,multi-dwelling and commercial buildings,50,53,53,48,51,23,25,28,26,30
0604 Aneby,industrial buildings,..,..,..,..,..,139,142,133,162,156
0604 Aneby,total,197,201,202,201,205,163,166,161,189,186
0617 Gnosjö,one- or two dwelling buildings,253,255,247,243,245,..,..,..,..,..
0617 Gnosjö,multi-dwelling and commercial buildings,71,81,78,73,75,33,35,41,32,27
0617 Gnosjö,industrial buildings,..,..,..,..,..,485,541,562,589,649
0617 Gnosjö,total,323,336,325,316,320,518,577,602,620,676
0642 Mullsjö,one- or two dwelling buildings,227,233,239,242,248,..,..,..,..,..
0642 Mullsjö,multi-dwelling and commercial buildings,55,57,56,58,66,32,32,31,34,34
0642 Mullsjö,industrial buildings,..,..,..,..,..,109,114,118,162,163
0642 Mullsjö,total,283,290,295,300,313,142,146,149,196,196
0643 Habo,one- or two dwelling buildings,223,237,269,324,361,..,..,..,..,..
0643 Habo,multi-dwelling and commercial buildings,59,62,61,67,76,17,18,19,21,20
0643 Habo,industrial buildings,..,..,..,..,..,148,156,160,182,174
0643 Habo,total,282,298,330,391,436,164,174,180,202,193
0662 Gislaved,one- or two dwelling buildings,756,767,775,793,801,..,..,..,..,..
0662 Gislaved,multi-dwelling and commercial buildings,284,291,293,292,299,119,135,138,147,146
0662 Gislaved,industrial buildings,..,..,..,..,..,1250,1343,1381,1452,1511
0662 Gislaved,total,1041,1058,1069,1085,1100,1369,1478,1519,1599,1657
0665 Vaggeryd,one- or two dwelling buildings,314,321,333,358,375,..,..,..,..,..
0665 Vaggeryd,multi-dwelling and commercial buildings,108,111,113,115,125,42,41,42,42,40
0665 Vaggeryd,industrial buildings,..,..,..,..,..,383,433,451,527,540
0665 Vaggeryd,total,421,431,446,473,500,426,475,493,569,580
0680 Jönköping,one- or two dwelling buildings,2370,2479,2587,2728,2858,..,..,..,..,..
0680 Jönköping,multi-dwelling and commercial buildings,2164,2287,2403,2492,2700,1111,1239,1318,1414,1497
0680 Jönköping,industrial buildings,..,..,1,2,2,1405,1418,1494,1490,2576
0680 Jönköping,total,4534,4766,4991,5222,5560,2516,2657,2812,2903,4073
0682 Nässjö,one- or two dwelling buildings,701,711,724,745,774,..,..,..,..,..
0682 Nässjö,multi-dwelling and commercial buildings,412,417,418,424,440,150,166,187,181,202
0682 Nässjö,industrial buildings,..,..,..,..,..,722,740,770,859,894
0682 Nässjö,total,1113,1128,1141,1168,1214,873,905,957,1041,1097
0683 Värnamo,one- or two dwelling buildings,701,716,734,767,778,..,..,..,..,..
0683 Värnamo,multi-dwelling and commercial buildings,391,415,431,440,465,220,232,245,250,261
0683 Värnamo,industrial buildings,..,..,..,..,..,727,831,887,995,1005
0683 Värnamo,total,1093,1131,1166,1207,1243,947,1063,1132,1246,1266
0684 Sävsjö,one- or two dwelling buildings,283,287,289,296,302,..,..,..,..,..
0684 Sävsjö,multi-dwelling and commercial buildings,108,112,111,113,121,55,56,61,59,55
0684 Sävsjö,industrial buildings,..,..,..,..,..,337,327,332,335,354
0684 Sävsjö,total,391,399,401,410,423,392,383,393,395,409
0685 Vetlanda,one- or two dwelling buildings,660,670,677,707,716,..,..,..,..,..
0685 Vetlanda,multi-dwelling and commercial buildings,299,295,292,299,308,141,145,161,173,181
0685 Vetlanda,industrial buildings,..,..,..,..,..,701,753,810,802,841
0685 Vetlanda,total,959,965,969,1006,1024,842,899,971,976,1022
0686 Eksjö,one- or two dwelling buildings,407,415,425,436,459,..,..,..,..,..
0686 Eksjö,multi-dwelling and commercial buildings,241,242,245,251,264,122,122,128,129,142
0686 Eksjö,industrial buildings,..,..,..,..,..,260,280,268,269,265
0686 Eksjö,total,648,657,670,687,724,382,402,395,397,407
0687 Tranås,one- or two dwelling buildings,364,371,379,400,432,..,..,..,..,..
0687 Tranås,multi-dwelling and commercial buildings,343,340,345,343,354,137,151,162,168,171
0687 Tranås,industrial buildings,..,..,..,..,..,388,403,404,411,408
0687 Tranås,total,706,711,724,743,786,525,555,566,578,579
0760 Uppvidinge,one- or two dwelling buildings,290,278,281,286,292,..,..,..,..,..
0760 Uppvidinge,multi-dwelling and commercial buildings,78,75,74,71,75,38,40,41,43,42
0760 Uppvidinge,industrial buildings,..,..,..,..,..,289,314,328,365,384
0760 Uppvidinge,total,368,353,356,357,367,327,355,368,407,427
0761 Lessebo,one- or two dwelling buildings,294,296,297,302,307,..,..,..,..,..
0761 Lessebo,multi-dwelling and commercial buildings,73,70,71,67,68,40,37,81,65,62
0761 Lessebo,industrial buildings,..,..,..,..,..,128,159,190,162,162
0761 Lessebo,total,366,366,368,369,375,167,196,271,228,224
0763 Tingsryd,one- or two dwelling buildings,315,320,325,322,326,..,..,..,..,..
0763 Tingsryd,multi-dwelling and commercial buildings,104,103,108,97,99,67,69,72,68,69
0763 Tingsryd,industrial buildings,..,..,..,..,..,267,270,310,311,316
0763 Tingsryd,total,419,423,433,420,425,334,339,382,379,386
0764 Alvesta,one- or two dwelling buildings,446,450,458,465,478,..,..,..,..,..
0764 Alvesta,multi-dwelling and commercial buildings,151,154,156,148,159,88,90,89,81,80
0764 Alvesta,industrial buildings,..,..,..,..,..,383,403,397,410,425
0764 Alvesta,total,597,604,614,614,638,471,492,486,491,505
0765 Älmhult,one- or two dwelling buildings,352,360,381,378,417,..,..,..,..,..
0765 Älmhult,multi-dwelling and commercial buildings,138,143,147,153,183,143,152,162,183,210
0765 Älmhult,industrial buildings,..,..,..,..,..,609,621,659,662,675
0765 Älmhult,total,490,503,528,531,600,752,774,821,845,886
0767 Markaryd,one- or two dwelling buildings,285,286,294,296,310,..,..,..,..,..
0767 Markaryd,multi-dwelling and commercial buildings,97,101,103,99,102,49,57,68,69,67
0767 Markaryd,industrial buildings,..,..,..,..,..,356,376,415,359,431
0767 Markaryd,total,382,387,398,395,412,404,433,483,429,498
0780 Växjö,one- or two dwelling buildings,1601,1680,1799,1894,1984,..,..,..,..,..
0780 Växjö,multi-dwelling and commercial buildings,1240,1347,1442,1505,1703,765,856,907,904,975
0780 Växjö,industrial buildings,..,..,..,2,2,900,972,1015,965,1088
0780 Växjö,total,2841,3027,3240,3401,3689,1665,1828,1921,1869,2063
0781 Ljungby,one- or two dwelling buildings,569,585,605,603,631,..,..,..,..,..
0781 Ljungby,multi-dwelling and commercial buildings,293,301,310,325,330,155,159,172,190,196
0781 Ljungby,industrial buildings,..,..,..,..,..,559,613,675,685,716
0781 Ljungby,total,862,887,915,927,962,714,772,847,875,912
0821 Högsby,one- or two dwelling buildings,191,192,192,192,175,..,..,..,..,..
0821 Högsby,multi-dwelling and commercial buildings,32,33,33,33,32,22,29,32,34,34
0821 Högsby,industrial buildings,..,..,..,..,..,129,98,98,97,96
0821 Högsby,total,224,225,226,225,206,151,128,130,131,131
0834 Torsås,one- or two dwelling buildings,154,165,162,176,188,..,..,..,..,..
0834 Torsås,multi-dwelling and commercial buildings,39,38,40,42,42,29,30,30,24,24
0834 Torsås,industrial buildings,..,..,..,..,..,91,99,100,113,114
0834 Torsås,total,193,202,201,217,230,120,129,130,137,138
0840 Mörbylånga,one- or two dwelling buildings,405,399,428,581,642,..,..,..,..,..
0840 Mörbylånga,multi-dwelling and commercial buildings,57,58,64,68,75,51,54,55,70,73
0840 Mörbylånga,industrial buildings,..,..,..,1,1,81,76,79,90,110
0840 Mörbylånga,total,462,457,492,649,717,132,130,134,160,183
0860 Hultsfred,one- or two dwelling buildings,471,472,474,486,490,..,..,..,..,..
0860 Hultsfred,multi-dwelling and commercial buildings,160,158,157,142,150,69,72,85,69,73
0860 Hultsfred,industrial buildings,..,..,..,..,..,487,478,502,515,469
0860 Hultsfred,total,630,630,631,628,640,556,550,587,584,541
0861 Mönsterås,one- or two dwelling buildings,341,346,351,414,428,..,..,..,..,..
0861 Mönsterås,multi-dwelling and commercial buildings,109,110,110,100,108,49,51,55,57,61
0861 Mönsterås,industrial buildings,..,..,..,..,..,157,161,167,163,169
0861 Mönsterås,total,451,455,461,514,536,206,211,223,220,230
0862 Emmaboda,one- or two dwelling buildings,281,284,276,275,259,..,..,..,..,..
0862 Emmaboda,multi-dwelling and commercial buildings,88,90,85,86,85,59,61,62,62,60
0862 Emmaboda,industrial buildings,..,..,..,..,..,269,266,255,249,259
0862 Emmaboda,total,369,374,361,361,344,328,327,317,311,320
0880 Kalmar,one- or two dwelling buildings,1175,1224,1299,1384,1471,..,..,..,..,..
0880 Kalmar,multi-dwelling and commercial buildings,1109,1135,1174,1223,1361,527,563,681,693,668
0880 Kalmar,industrial buildings,..,..,..,..,..,656,650,721,719,746
0880 Kalmar,total,2284,2359,2473,2607,2831,1183,1214,1402,1411,1414
0881 Nybro,one- or two dwelling buildings,486,491,487,492,502,..,..,..,..,..
0881 Nybro,multi-dwelling and commercial buildings,256,257,264,266,271,107,114,116,120,145
0881 Nybro,industrial buildings,..,..,..,..,..,454,486,496,496,438
0881 Nybro,total,742,747,751,759,773,561,600,613,616,583
0882 Oskarshamn,one- or two dwelling buildings,615,620,644,660,696,..,..,..,..,..
0882 Oskarshamn,multi-dwelling and commercial buildings,408,407,414,419,432,190,193,189,207,223
0882 Oskarshamn,industrial buildings,..,..,..,..,..,357,384,412,458,473
0882 Oskarshamn,total,1024,1026,1059,1078,1129,546,577,601,665,696
0883 Västervik,one- or two dwelling buildings,762,780,803,836,880,..,..,..,..,..
0883 Västervik,multi-dwelling and commercial buildings,585,584,585,587,602,200,213,245,270,278
0883 Västervik,industrial buildings,..,..,..,..,..,522,538,566,587,589
0883 Västervik,total,1347,1364,1388,1423,1482,722,752,811,856,867
0884 Vimmerby,one- or two dwelling buildings,354,356,365,367,377,..,..,..,..,..
0884 Vimmerby,multi-dwelling and commercial buildings,168,167,170,173,178,122,131,140,154,152
0884 Vimmerby,industrial buildings,..,..,..,..,..,382,380,389,384,443
0884 Vimmerby,total,521,523,535,541,555,504,511,529,538,596
0885 Borgholm,one- or two dwelling buildings,188,195,203,366,399,..,..,..,..,..
0885 Borgholm,multi-dwelling and commercial buildings,79,80,84,89,99,74,80,80,85,96
0885 Borgholm,industrial buildings,..,..,..,..,..,37,39,41,38,43
0885 Borgholm,total,267,276,288,455,498,112,118,121,122,138
0980 Gotland,one- or two dwelling buildings,844,876,918,1088,1156,..,..,..,..,..
0980 Gotland,multi-dwelling and commercial buildings,571,584,648,696,773,352,380,469,514,531
0980 Gotland,industrial buildings,..,..,..,..,..,460,487,511,534,531
0980 Gotland,total,1414,1460,1566,1784,1929,811,867,980,1048,1062
1060 Olofström,one- or two dwelling buildings,333,339,345,355,360,..,..,..,..,..
1060 Olofström,multi-dwelling and commercial buildings,160,154,153,157,159,97,94,94,82,90
1060 Olofström,industrial buildings,..,..,..,..,..,434,444,451,455,482
1060 Olofström,total,493,493,498,512,519,531,538,545,538,572
1080 Karlskrona,one- or two dwelling buildings,1206,1266,1343,1505,1609,..,..,..,..,..
1080 Karlskrona,multi-dwelling and commercial buildings,947,957,986,998,1022,481,509,547,573,584
1080 Karlskrona,industrial buildings,..,..,..,..,..,473,485,487,502,518
1080 Karlskrona,total,2153,2223,2328,2503,2631,954,994,1033,1075,1102
1081 Ronneby,one- or two dwelling buildings,657,678,703,806,830,..,..,..,..,..
1081 Ronneby,multi-dwelling and commercial buildings,313,320,332,312,313,157,178,172,189,188
1081 Ronneby,industrial buildings,..,..,..,..,..,407,402,419,416,397
1081 Ronneby,total,970,998,1035,1118,1143,564,580,591,605,585
1082 Karlshamn,one- or two dwelling buildings,753,768,787,850,858,..,..,..,..,..
1082 Karlshamn,multi-dwelling and commercial buildings,434,440,449,457,462,198,195,208,219,230
1082 Karlshamn,industrial buildings,..,..,..,..,..,374,360,364,423,423
1082 Karlshamn,total,1188,1208,1236,1307,1319,573,555,572,642,653
1083 Sölvesborg,one- or two dwelling buildings,457,482,498,658,671,..,..,..,..,..
1083 Sölvesborg,multi-dwelling and commercial buildings,147,145,153,157,168,79,78,76,87,96
1083 Sölvesborg,industrial buildings,..,..,..,..,..,246,256,256,270,290
1083 Sölvesborg,total,605,627,651,816,839,325,335,332,356,385
1214 Svalöv,one- or two dwelling buildings,307,317,335,347,357,..,..,..,..,..
1214 Svalöv,multi-dwelling and commercial buildings,74,77,78,82,83,57,47,46,46,46
1214 Svalöv,industrial buildings,..,..,..,..,..,102,106,105,109,116
1214 Svalöv,total,381,394,413,429,440,159,152,152,155,162
1230 Staffanstorp,one- or two dwelling buildings,620,652,715,751,845,..,..,..,..,..
1230 Staffanstorp,multi-dwelling and commercial buildings,161,177,191,204,223,63,78,88,102,109
1230 Staffanstorp,industrial buildings,..,..,..,1,2,199,227,238,252,278
1230 Staffanstorp,total,781,829,905,956,1069,262,305,326,354,387
1231 Burlöv,one- or two dwelling buildings,368,374,388,403,426,..,..,..,..,..
1231 Burlöv,multi-dwelling and commercial buildings,261,261,274,278,319,84,94,160,180,186
1231 Burlöv,industrial buildings,..,..,..,..,..,392,397,484,505,557
1231 Burlöv,total,628,635,661,681,745,476,491,644,685,742
1233 Vellinge,one- or two dwelling buildings,1424,1510,1611,1733,1847,..,..,..,..,..
1233 Vellinge,multi-dwelling and commercial buildings,134,167,169,184,216,75,87,80,90,93
1233 Vellinge,industrial buildings,..,..,..,..,..,99,101,108,127,137
1233 Vellinge,total,1559,1677,1781,1918,2063,175,188,188,218,230
1256 Östra Göinge,one- or two dwelling buildings,408,413,406,417,425,..,..,..,..,..
1256 Östra Göinge,multi-dwelling and commercial buildings,124,123,123,124,128,55,62,61,52,53
1256 Östra Göinge,industrial buildings,..,..,..,..,..,308,325,329,318,314
1256 Östra Göinge,total,532,536,529,541,553,363,387,390,370,367
1257 Örkelljunga,one- or two dwelling buildings,236,240,254,287,292,..,..,..,..,..
1257 Örkelljunga,multi-dwelling and commercial buildings,85,84,85,88,93,41,40,37,43,52
1257 Örkelljunga,industrial buildings,..,..,..,..,..,193,195,219,204,222
1257 Örkelljunga,total,321,324,340,375,386,235,234,255,247,274
1260 Bjuv,one- or two dwelling buildings,456,470,493,505,516,..,..,..,..,..
1260 Bjuv,multi-dwelling and commercial buildings,119,113,111,112,120,64,69,75,73,68
1260 Bjuv,industrial buildings,..,..,..,..,..,431,444,456,448,481
1260 Bjuv,total,575,583,605,616,636,496,513,531,522,549
1261 Kävlinge,one- or two dwelling buildings,814,906,976,1059,1122,..,..,..,..,..
1261 Kävlinge,multi-dwelling and commercial buildings,184,198,213,226,247,103,152,151,165,165
1261 Kävlinge,industrial buildings,..,..,..,..,..,209,228,188,178,185
1261 Kävlinge,total,998,1104,1189,1285,1370,312,381,338,343,349
1262 Lomma,one- or two dwelling buildings,666,713,793,838,870,..,..,..,..,..
1262 Lomma,multi-dwelling and commercial buildings,138,145,195,234,273,39,41,51,65,81
1262 Lomma,industrial buildings,..,..,..,..,..,101,92,95,104,114
1262 Lomma,total,804,858,988,1072,1143,140,132,147,169,195
1263 Svedala,one- or two dwelling buildings,513,548,586,620,682,..,..,..,..,..
1263 Svedala,multi-dwelling and commercial buildings,128,131,146,157,173,46,50,50,64,59
1263 Svedala,industrial buildings,..,..,..,..,..,154,157,167,179,181
1263 Svedala,total,641,679,732,778,855,200,207,217,243,241
1264 Skurup,one- or two dwelling buildings,389,411,436,468,492,..,..,..,..,..
1264 Skurup,multi-dwelling and commercial buildings,79,81,86,91,98,39,34,38,41,46
1264 Skurup,industrial buildings,..,..,..,..,..,110,114,132,147,165
1264 Skurup,total,469,491,521,560,590,149,148,170,188,211
1265 Sjöbo,one- or two dwelling buildings,373,451,477,527,553,..,..,..,..,..
1265 Sjöbo,multi-dwelling and commercial buildings,85,84,87,89,97,50,51,55,62,73
1265 Sjöbo,industrial buildings,..,..,..,..,..,108,113,128,140,138
1265 Sjöbo,total,458,536,564,616,651,158,164,183,201,211
1266 Hörby,one- or two dwelling buildings,259,274,311,331,343,..,..,..,..,..
1266 Hörby,multi-dwelling and commercial buildings,98,103,107,113,115,38,42,44,64,64
1266 Hörby,industrial buildings,..,..,..,..,..,72,86,100,114,128
1266 Hörby,total,357,377,417,444,458,110,128,144,178,193
1267 Höör,one- or two dwelling buildings,406,417,444,531,564,..,..,..,..,..
1267 Höör,multi-dwelling and commercial buildings,91,92,94,101,106,61,62,76,81,82
1267 Höör,industrial buildings,..,..,..,..,..,129,145,158,160,157
1267 Höör,total,497,508,539,632,670,190,207,234,241,239
1270 Tomelilla,one- or two dwelling buildings,306,305,316,360,375,..,..,..,..,..
1270 Tomelilla,multi-dwelling and commercial buildings,112,108,104,97,103,69,79,72,74,72
1270 Tomelilla,industrial buildings,..,..,..,..,..,155,165,174,182,194
1270 Tomelilla,total,418,413,420,458,478,224,244,247,257,266
1272 Bromölla,one- or two dwelling buildings,362,372,388,417,424,..,..,..,..,..
1272 Bromölla,multi-dwelling and commercial buildings,91,96,94,96,106,69,77,78,82,85
1272 Bromölla,industrial buildings,..,..,..,..,..,279,289,460,459,428
1272 Bromölla,total,453,468,482,512,530,348,366,538,541,513
1273 Osby,one- or two dwelling buildings,353,358,365,381,388,..,..,..,..,..
1273 Osby,multi-dwelling and commercial buildings,120,116,121,122,125,48,50,55,67,56
1273 Osby,industrial buildings,..,..,..,..,..,357,364,380,393,394
1273 Osby,total,473,475,486,503,512,405,414,435,460,450
1275 Perstorp,one- or two dwelling buildings,152,154,157,161,162,..,..,..,..,..
1275 Perstorp,multi-dwelling and commercial buildings,111,103,104,105,106,45,43,43,40,40
1275 Perstorp,industrial buildings,..,..,..,..,..,259,261,266,266,265
1275 Perstorp,total,262,257,261,265,268,304,304,309,306,305
1276 Klippan,one- or two dwelling buildings,386,395,398,420,421,..,..,..,..,..
1276 Klippan,multi-dwelling and commercial buildings,193,186,184,189,272,84,83,85,91,202
1276 Klippan,industrial buildings,..,..,..,..,..,271,304,307,285,264
1276 Klippan,total,579,581,582,609,693,355,387,392,376,466
1277 Åstorp,one- or two dwelling buildings,410,425,449,461,475,..,..,..,..,..
1277 Åstorp,multi-dwelling and commercial buildings,139,139,143,147,153,80,129,153,153,154
1277 Åstorp,industrial buildings,..,..,..,..,..,317,339,414,481,549
1277 Åstorp,total,549,564,592,608,629,397,469,567,633,703
1278 Båstad,one- or two dwelling buildings,596,635,675,848,905,..,..,..,..,..
1278 Båstad,multi-dwelling and commercial buildings,92,96,99,110,138,70,76,80,115,107
1278 Båstad,industrial buildings,..,..,..,1,1,159,173,176,194,209
1278 Båstad,total,689,731,774,959,1043,229,249,256,309,316
1280 Malmö,one- or two dwelling buildings,2941,3108,3330,3535,3698,..,..,..,..,..
1280 Malmö,multi-dwelling and commercial buildings,7820,7985,8387,8809,9606,2996,3201,3495,4377,4897
1280 Malmö,industrial buildings,..,..,..,4,4,3505,3476,3445,3270,3281
1280 Malmö,total,10761,11094,11717,12348,13307,6502,6678,6941,7646,8178
1281 Lund,one- or two dwelling buildings,1785,1897,2022,2168,2265,..,..,..,..,..
1281 Lund,multi-dwelling and commercial buildings,2173,2231,2411,2544,2746,764,975,1114,1241,1371
1281 Lund,industrial buildings,..,..,..,..,..,880,884,902,886,889
1281 Lund,total,3958,4128,4433,4712,5011,1644,1858,2016,2128,2260
1282 Landskrona,one- or two dwelling buildings,665,712,754,857,916,..,..,..,..,..
1282 Landskrona,multi-dwelling and commercial buildings,873,883,900,900,940,236,235,250,283,324
1282 Landskrona,industrial buildings,..,..,..,..,..,734,760,728,751,796
1282 Landskrona,total,1538,1594,1654,1757,1857,970,995,978,1033,1120
1283 Helsingborg,one- or two dwelling buildings,2168,2306,2446,2593,2752,..,..,..,..,..
1283 Helsingborg,multi-dwelling and commercial buildings,2796,2853,2936,3049,3284,1098,1197,1283,1451,1551
1283 Helsingborg,industrial buildings,..,..,1,1,1,1892,1903,1919,1947,2086
1283 Helsingborg,total,4965,5159,5383,5643,6037,2990,3100,3201,3397,3637
1284 Höganäs,one- or two dwelling buildings,900,968,1015,1114,1171,..,..,..,..,..
1284 Höganäs,multi-dwelling and commercial buildings,175,182,197,217,244,92,97,99,120,116
1284 Höganäs,industrial buildings,..,..,..,3,3,303,325,340,341,374
1284 Höganäs,total,1075,1150,1212,1334,1419,395,422,439,461,490
1285 Eslöv,one- or two dwelling buildings,622,685,724,757,767,..,..,..,..,..
1285 Eslöv,multi-dwelling and commercial buildings,354,361,376,386,416,136,140,143,151,152
1285 Eslöv,industrial buildings,..,..,..,..,..,431,458,543,561,563
1285 Eslöv,total,976,1045,1099,1143,1183,567,598,686,712,715
1286 Ystad,one- or two dwelling buildings,580,625,671,776,832,..,..,..,..,..
1286 Ystad,multi-dwelling and commercial buildings,419,430,462,475,505,170,182,207,235,237
1286 Ystad,industrial buildings,..,..,1,1,1,364,330,350,364,381
1286 Ystad,total,999,1055,1134,1252,1337,534,511,557,599,618
1287 Trelleborg,one- or two dwelling buildings,840,906,996,1169,1242,..,..,..,..,..
1287 Trelleborg,multi-dwelling and commercial buildings,558,566,566,586,608,224,231,206,221,234
1287 Trelleborg,industrial buildings,..,..,..,..,..,491,524,566,567,553
1287 Trelleborg,total,1398,1472,1563,1756,1850,715,755,772,789,787
1290 Kristianstad,one- or two dwelling buildings,1796,1867,1963,2217,2367,..,..,..,..,..
1290 Kristianstad,multi-dwelling and commercial buildings,1235,1054,1076,1104,1162,553,611,634,657,715
1290 Kristianstad,industrial buildings,..,..,..,8,8,886,954,995,1012,1061
1290 Kristianstad,total,3031,2920,3039,3328,3536,1439,1565,1628,1669,1776
1291 Simrishamn,one- or two dwelling buildings,593,596,630,730,766,..,..,..,..,..
1291 Simrishamn,multi-dwelling and commercial buildings,205,206,208,197,207,99,111,114,115,124
1291 Simrishamn,industrial buildings,..,..,..,..,..,268,272,277,279,280
1291 Simrishamn,total,798,802,838,927,973,367,382,391,394,404
1292 Ängelholm,one- or two dwelling buildings,982,1038,1084,1200,1270,..,..,..,..,..
1292 Ängelholm,multi-dwelling and commercial buildings,462,486,504,540,564,194,216,232,287,300
1292 Ängelholm,industrial buildings,..,..,..,..,..,328,339,373,441,524
1292 Ängelholm,total,1443,1524,1588,1740,1835,522,555,605,728,824
1293 Hässleholm,one- or two dwelling buildings,1254,1289,1323,1379,1407,..,..,..,..,..
1293 Hässleholm,multi-dwelling and commercial buildings,540,545,561,581,601,265,305,324,353,365
1293 Hässleholm,industrial buildings,..,..,..,1,1,826,885,964,985,1030
1293 Hässleholm,total,1794,1834,1884,1962,2008,1091,1190,1288,1338,1395
1315 Hylte,one- or two dwelling buildings,258,258,258,260,262,..,..,..,..,..
1315 Hylte,multi-dwelling and commercial buildings,77,77,77,78,80,40,54,54,53,46
1315 Hylte,industrial buildings,..,..,..,..,..,322,371,405,422,404
1315 Hylte,total,335,335,335,338,342,363,424,459,475,450
1380 Halmstad,one- or two dwelling buildings,2121,2365,2452,2702,2802,..,..,..,..,..
1380 Halmstad,multi-dwelling and commercial buildings,1400,1360,1504,1577,1742,671,756,821,906,961
1380 Halmstad,industrial buildings,..,..,..,1,1,1377,1449,1616,1582,1658
1380 Halmstad,total,3521,3724,3956,4280,4544,2048,2204,2438,2488,2619
1381 Laholm,one- or two dwelling buildings,673,701,723,955,1010,..,..,..,..,..
1381 Laholm,multi-dwelling and commercial buildings,116,120,123,127,140,93,105,92,107,117
1381 Laholm,industrial buildings,..,..,..,..,..,278,298,328,365,371
1381 Laholm,total,789,821,846,1082,1150,370,403,420,472,488
1382 Falkenberg,one- or two dwelling buildings,933,962,1030,1260,1401,..,..,..,..,..
1382 Falkenberg,multi-dwelling and commercial buildings,395,406,423,467,534,224,262,302,396,452
1382 Falkenberg,industrial buildings,..,..,..,3,3,672,707,768,852,944
1382 Falkenberg,total,1328,1368,1452,1729,1938,896,969,1070,1248,1396
1383 Varberg,one- or two dwelling buildings,964,1039,1128,1577,1710,..,..,..,..,..
1383 Varberg,multi-dwelling and commercial buildings,719,736,793,853,928,268,291,334,388,487
1383 Varberg,industrial buildings,..,..,..,..,3,620,644,671,804,819
1383 Varberg,total,1683,1775,1921,2431,2641,887,935,1005,1192,1306
1384 Kungsbacka,one- or two dwelling buildings,1860,2119,2376,2791,2986,..,..,..,..,..
1384 Kungsbacka,multi-dwelling and commercial buildings,452,483,494,565,647,255,312,352,365,434
1384 Kungsbacka,industrial buildings,..,..,..,..,..,322,396,411,471,508
1384 Kungsbacka,total,2312,2602,2870,3356,3633,577,708,763,837,942
1401 Härryda,one- or two dwelling buildings,865,944,1016,1152,1214,..,..,..,..,..
1401 Härryda,multi-dwelling and commercial buildings,177,192,221,257,289,64,78,75,100,107
1401 Härryda,industrial buildings,..,..,..,..,..,214,227,241,337,384
1401 Härryda,total,1041,1136,1237,1408,1502,277,305,316,437,491
1402 Partille,one- or two dwelling buildings,801,831,875,919,954,..,..,..,..,..
1402 Partille,multi-dwelling and commercial buildings,500,494,541,568,621,151,167,244,225,245
1402 Partille,industrial buildings,..,..,..,..,..,276,275,278,282,295
1402 Partille,total,1301,1325,1416,1487,1575,427,442,522,507,539
1407 Öckerö,one- or two dwelling buildings,494,525,551,583,609,..,..,..,..,..
1407 Öckerö,multi-dwelling and commercial buildings,20,21,27,29,39,21,25,31,39,40
1407 Öckerö,industrial buildings,..,..,4,5,5,32,43,56,60,66
1407 Öckerö,total,514,546,581,617,654,53,68,87,99,107
1415 Stenungsund,one- or two dwelling buildings,461,530,572,702,742,..,..,..,..,..
1415 Stenungsund,multi-dwelling and commercial buildings,203,210,235,264,282,143,160,184,219,225
1415 Stenungsund,industrial buildings,..,..,..,..,..,220,244,266,310,332
1415 Stenungsund,total,664,739,807,966,1024,363,404,449,530,557
1419 Tjörn,one- or two dwelling buildings,381,418,435,642,652,..,..,..,..,..
1419 Tjörn,multi-dwelling and commercial buildings,45,44,49,61,84,35,43,43,51,50
1419 Tjörn,industrial buildings,..,..,..,..,..,68,69,84,112,108
1419 Tjörn,total,425,462,485,703,736,103,112,127,163,158
1421 Orust,one- or two dwelling buildings,229,243,264,376,390,..,..,..,..,..
1421 Orust,multi-dwelling and commercial buildings,58,57,64,66,67,32,35,37,37,39
1421 Orust,industrial buildings,..,..,..,..,..,81,101,113,147,137
1421 Orust,total,287,301,327,442,457,113,136,149,184,176
1427 Sotenäs,one- or two dwelling buildings,443,395,415,566,561,..,..,..,..,..
1427 Sotenäs,multi-dwelling and commercial buildings,75,72,77,83,89,51,57,59,67,63
1427 Sotenäs,industrial buildings,..,..,..,4,6,143,141,149,169,169
1427 Sotenäs,total,518,467,492,653,657,194,197,208,236,232
1430 Munkedal,one- or two dwelling buildings,210,212,218,226,233,..,..,..,..,..
1430 Munkedal,multi-dwelling and commercial buildings,62,63,65,69,74,48,46,47,50,48
1430 Munkedal,industrial buildings,..,..,..,..,..,101,114,118,101,134
1430 Munkedal,total,272,275,283,296,307,150,160,165,151,182
1435 Tanum,one- or two dwelling buildings,199,214,228,311,344,..,..,..,..,..
1435 Tanum,multi-dwelling and commercial buildings,69,67,69,72,78,44,48,54,128,129
1435 Tanum,industrial buildings,..,..,1,4,4,76,84,105,107,114
1435 Tanum,total,268,281,298,388,426,119,132,159,234,243
1438 Dals-Ed,one- or two dwelling buildings,96,96,99,99,100,..,..,..,..,..
1438 Dals-Ed,multi-dwelling and commercial buildings,44,44,45,44,48,24,25,35,40,42
1438 Dals-Ed,industrial buildings,..,..,..,3,3,52,53,51,48,44
1438 Dals-Ed,total,140,140,145,146,151,76,78,86,88,86
1439 Färgelanda,one- or two dwelling buildings,138,133,135,146,143,..,..,..,..,..
1439 Färgelanda,multi-dwelling and commercial buildings,30,34,34,33,34,17,21,23,20,22
1439 Färgelanda,industrial buildings,..,..,..,..,..,90,66,91,95,95
1439 Färgelanda,total,168,167,169,179,177,107,87,114,115,117
1440 Ale,one- or two dwelling buildings,531,564,613,680,754,..,..,..,..,..
1440 Ale,multi-dwelling and commercial buildings,275,281,281,314,328,76,74,76,86,95
1440 Ale,industrial buildings,..,..,..,..,..,287,295,280,290,279
1440 Ale,total,806,846,894,994,1083,363,369,356,376,373
1441 Lerum,one- or two dwelling buildings,1097,1172,1265,1375,1491,..,..,..,..,..
1441 Lerum,multi-dwelling and commercial buildings,179,195,213,221,264,88,87,111,114,116
1441 Lerum,industrial buildings,..,..,..,..,..,170,218,219,221,256
1441 Lerum,total,1277,1367,1478,1596,1755,257,305,330,335,372
1442 Vårgårda,one- or two dwelling buildings,146,148,155,177,194,..,..,..,..,..
1442 Vårgårda,multi-dwelling and commercial buildings,71,76,79,83,88,28,27,27,34,32
1442 Vårgårda,industrial buildings,..,..,..,..,..,163,172,180,180,207
1442 Vårgårda,total,218,224,234,260,283,191,199,207,214,239
1443 Bollebygd,one- or two dwelling buildings,133,140,149,170,203,..,..,..,..,..
1443 Bollebygd,multi-dwelling and commercial buildings,54,59,60,71,80,14,25,26,16,16
1443 Bollebygd,industrial buildings,..,..,..,..,..,45,44,46,52,50
1443 Bollebygd,total,187,199,209,241,283,59,70,72,67,66
1444 Grästorp,one- or two dwelling buildings,104,104,106,108,116,..,..,..,..,..
1444 Grästorp,multi-dwelling and commercial buildings,34,35,34,36,39,13,16,17,17,17
1444 Grästorp,industrial buildings,..,..,..,..,..,47,48,50,48,56
1444 Grästorp,total,138,139,140,145,155,60,64,67,65,73
1445 Essunga,one- or two dwelling buildings,94,94,96,98,99,..,..,..,..,..
1445 Essunga,multi-dwelling and commercial buildings,23,23,24,26,28,15,14,14,12,11
1445 Essunga,industrial buildings,..,..,..,..,..,80,81,48,47,91
1445 Essunga,total,117,118,120,123,126,95,95,62,59,102
1446 Karlsborg,one- or two dwelling buildings,189,192,194,201,208,..,..,..,..,..
1446 Karlsborg,multi-dwelling and commercial buildings,85,87,88,94,98,24,30,33,32,46
1446 Karlsborg,industrial buildings,..,..,..,..,..,86,78,74,80,83
1446 Karlsborg,total,274,279,283,295,306,111,108,107,111,129
1447 Gullspång,one- or two dwelling buildings,141,142,143,149,149,..,..,..,..,..
1447 Gullspång,multi-dwelling and commercial buildings,53,53,44,41,44,28,29,29,26,26
1447 Gullspång,industrial buildings,..,..,..,..,..,96,95,95,94,94
1447 Gullspång,total,194,195,187,191,192,124,124,125,120,120
1452 Tranemo,one- or two dwelling buildings,319,325,316,323,336,..,..,..,..,..
1452 Tranemo,multi-dwelling and commercial buildings,82,83,83,78,81,33,36,48,43,48
1452 Tranemo,industrial buildings,..,..,..,..,..,393,395,440,389,431
1452 Tranemo,total,401,409,399,401,417,426,431,488,431,478
1460 Bengtsfors,one- or two dwelling buildings,254,254,257,257,259,..,..,..,..,..
1460 Bengtsfors,multi-dwelling and commercial buildings,116,110,111,109,106,53,59,61,57,50
1460 Bengtsfors,industrial buildings,..,..,..,..,..,260,244,219,187,188
1460 Bengtsfors,total,369,364,367,366,365,314,303,280,244,239
1461 Mellerud,one- or two dwelling buildings,189,191,181,197,200,..,..,..,..,..
1461 Mellerud,multi-dwelling and commercial buildings,74,77,78,81,73,38,44,49,46,64
1461 Mellerud,industrial buildings,..,..,..,..,..,123,128,127,135,133
1461 Mellerud,total,263,267,259,278,273,161,172,175,181,197
1462 Lilla Edet,one- or two dwelling buildings,232,237,243,265,310,..,..,..,..,..
1462 Lilla Edet,multi-dwelling and commercial buildings,100,100,101,108,117,42,42,44,43,54
1462 Lilla Edet,industrial buildings,..,..,..,..,..,165,162,184,156,171
1462 Lilla Edet,total,332,338,344,373,426,207,204,228,200,225
1463 Mark,one- or two dwelling buildings,649,661,680,716,761,..,..,..,..,..
1463 Mark,multi-dwelling and commercial buildings,276,277,289,291,308,172,176,183,171,179
1463 Mark,industrial buildings,..,..,..,..,..,495,511,521,497,531
1463 Mark,total,925,939,969,1008,1070,667,688,704,668,710
1465 Svenljunga,one- or two dwelling buildings,252,252,254,260,277,..,..,..,..,..
1465 Svenljunga,multi-dwelling and commercial buildings,50,52,55,54,56,37,50,48,52,56
1465 Svenljunga,industrial buildings,..,..,..,..,..,204,211,225,259,278
1465 Svenljunga,total,302,304,309,314,333,241,260,273,311,333
1466 Herrljunga,one- or two dwelling buildings,170,172,167,169,175,..,..,..,..,..
1466 Herrljunga,multi-dwelling and commercial buildings,71,72,72,73,77,24,25,24,24,26
1466 Herrljunga,industrial buildings,..,..,..,..,..,125,128,124,122,163
1466 Herrljunga,total,241,244,239,242,252,149,153,148,147,189
1470 Vara,one- or two dwelling buildings,311,312,308,335,343,..,..,..,..,..
1470 Vara,multi-dwelling and commercial buildings,108,125,124,123,130,62,81,83,81,83
1470 Vara,industrial buildings,..,..,..,..,..,365,388,424,462,471
1470 Vara,total,420,438,432,458,473,426,469,507,543,554
1471 Götene,one- or two dwelling buildings,283,286,292,311,320,..,..,..,..,..
1471 Götene,multi-dwelling and commercial buildings,90,85,89,93,93,47,47,52,53,59
1471 Götene,industrial buildings,..,..,..,..,..,308,350,378,366,370
1471 Götene,total,373,370,382,404,413,355,397,430,419,430
1472 Tibro,one- or two dwelling buildings,275,278,281,304,330,..,..,..,..,..
1472 Tibro,multi-dwelling and commercial buildings,129,130,129,134,141,58,60,62,61,59
1472 Tibro,industrial buildings,..,..,..,..,..,446,471,473,476,477
1472 Tibro,total,405,408,410,438,471,504,531,536,537,537
1473 Töreboda,one- or two dwelling buildings,167,168,170,172,174,..,..,..,..,..
1473 Töreboda,multi-dwelling and commercial buildings,97,97,97,95,101,39,42,41,40,41
1473 Töreboda,industrial buildings,..,..,..,..,..,158,168,176,180,195
1473 Töreboda,total,264,265,267,267,276,197,209,218,220,236
1480 Göteborg,one- or two dwelling buildings,5825,6225,6532,6921,7245,..,..,..,..,..
1480 Göteborg,multi-dwelling and commercial buildings,12428,12768,13309,13979,14796,6032,6504,6840,7138,7601
1480 Göteborg,industrial buildings,..,..,..,1,1,5657,5826,5827,5831,6016
1480 Göteborg,total,18253,18993,19841,20901,22042,11688,12331,12667,12969,13616
1481 Mölndal,one- or two dwelling buildings,1237,1324,1413,1501,1559,..,..,..,..,..
1481 Mölndal,multi-dwelling and commercial buildings,901,906,929,983,1160,585,687,715,705,809
1481 Mölndal,industrial buildings,..,..,..,..,..,900,952,917,925,971
1481 Mölndal,total,2138,2231,2342,2484,2720,1485,1638,1632,1629,1780
1482 Kungälv,one- or two dwelling buildings,645,699,748,965,1071,..,..,..,..,..
1482 Kungälv,multi-dwelling and commercial buildings,418,438,486,505,575,152,157,168,196,287
1482 Kungälv,industrial buildings,..,..,..,..,..,390,457,521,574,586
1482 Kungälv,total,1063,1137,1233,1470,1646,542,614,689,771,873
1484 Lysekil,one- or two dwelling buildings,369,377,390,415,423,..,..,..,..,..
1484 Lysekil,multi-dwelling and commercial buildings,195,208,215,223,232,86,82,89,95,91
1484 Lysekil,industrial buildings,..,..,..,3,4,146,149,145,164,152
1484 Lysekil,total,564,585,605,641,659,232,231,234,260,243
1485 Uddevalla,one- or two dwelling buildings,736,778,830,986,1060,..,..,..,..,..
1485 Uddevalla,multi-dwelling and commercial buildings,863,875,881,911,964,418,408,409,484,430
1485 Uddevalla,industrial buildings,..,..,..,1,5,505,512,523,554,584
1485 Uddevalla,total,1598,1653,1711,1899,2029,922,919,932,1038,1013
1486 Strömstad,one- or two dwelling buildings,159,166,183,240,260,..,..,..,..,..
1486 Strömstad,multi-dwelling and commercial buildings,149,153,163,176,181,86,91,110,147,131
1486 Strömstad,industrial buildings,..,..,..,..,..,82,151,164,164,159
1486 Strömstad,total,307,319,346,417,441,168,242,274,311,290
1487 Vänersborg,one- or two dwelling buildings,709,723,748,769,796,..,..,..,..,..
1487 Vänersborg,multi-dwelling and commercial buildings,546,566,568,576,610,238,248,251,288,298
1487 Vänersborg,industrial buildings,..,..,..,..,..,344,347,363,311,303
1487 Vänersborg,total,1255,1289,1316,1345,1406,581,595,614,599,602
1488 Trollhättan,one- or two dwelling buildings,1001,1030,1063,1101,1140,..,..,..,..,..
1488 Trollhättan,multi-dwelling and commercial buildings,953,965,1006,1022,1095,345,368,383,402,528
1488 Trollhättan,industrial buildings,..,..,..,..,..,976,977,975,1001,1013
1488 Trollhättan,total,1953,1995,2069,2123,2235,1321,1345,1357,1403,1541
1489 Alingsås,one- or two dwelling buildings,711,745,789,910,951,..,..,..,..,..
1489 Alingsås,multi-dwelling and commercial buildings,449,470,508,548,591,186,198,215,287,312
1489 Alingsås,industrial buildings,..,..,..,..,..,368,367,388,364,373
1489 Alingsås,total,1160,1215,1297,1458,1542,554,565,603,651,685
1490 Borås,one- or two dwelling buildings,1785,1843,1917,2023,2116,..,..,..,..,..
1490 Borås,multi-dwelling and commercial buildings,1864,1890,1936,2028,2116,781,860,953,997,1044
1490 Borås,industrial buildings,..,..,..,..,..,1533,1604,1925,1990,2219
1490 Borås,total,3649,3733,3852,4051,4232,2314,2465,2878,2987,3263
1491 Ulricehamn,one- or two dwelling buildings,483,481,494,518,538,..,..,..,..,..
1491 Ulricehamn,multi-dwelling and commercial buildings,217,219,228,244,261,96,111,125,123,129
1491 Ulricehamn,industrial buildings,..,..,..,..,..,317,331,354,351,399
1491 Ulricehamn,total,700,699,722,761,799,413,442,479,474,528
1492 Åmål,one- or two dwelling buildings,311,313,315,316,321,..,..,..,..,..
1492 Åmål,multi-dwelling and commercial buildings,179,181,178,181,179,74,80,92,104,100
1492 Åmål,industrial buildings,..,..,..,..,..,171,173,166,185,191
1492 Åmål,total,490,494,494,497,500,244,253,258,289,290
1493 Mariestad,one- or two dwelling buildings,486,496,512,523,544,..,..,..,..,..
1493 Mariestad,multi-dwelling and commercial buildings,347,354,364,370,381,184,202,203,222,208
1493 Mariestad,industrial buildings,..,..,..,..,..,530,418,420,433,455
1493 Mariestad,total,832,850,875,893,925,714,620,623,654,663
1494 Lidköping,one- or two dwelling buildings,680,718,757,792,851,..,..,..,..,..
1494 Lidköping,multi-dwelling and commercial buildings,531,541,547,564,594,178,225,246,282,293
1494 Lidköping,industrial buildings,..,..,..,..,..,621,649,610,606,657
1494 Lidköping,total,1211,1259,1304,1357,1445,798,874,856,888,950
1495 Skara,one- or two dwelling buildings,348,351,361,370,380,..,..,..,..,..
1495 Skara,multi-dwelling and commercial buildings,298,301,303,303,304,132,152,154,155,154
1495 Skara,industrial buildings,..,..,..,..,..,296,331,358,481,465
1495 Skara,total,646,653,663,673,683,429,483,511,636,618
1496 Skövde,one- or two dwelling buildings,955,975,1011,1086,1158,..,..,..,..,..
1496 Skövde,multi-dwelling and commercial buildings,876,893,923,970,1050,403,433,478,553,611
1496 Skövde,industrial buildings,..,..,..,..,..,775,834,853,859,869
1496 Skövde,total,1831,1868,1934,2056,2208,1179,1267,1331,1412,1480
1497 Hjo,one- or two dwelling buildings,212,226,231,225,231,..,..,..,..,..
1497 Hjo,multi-dwelling and commercial buildings,98,99,101,99,105,28,30,30,36,34
1497 Hjo,industrial buildings,..,..,..,..,..,107,116,121,119,127
1497 Hjo,total,310,325,332,324,335,135,146,151,155,161
1498 Tidaholm,one- or two dwelling buildings,268,263,271,284,289,..,..,..,..,..
1498 Tidaholm,multi-dwelling and commercial buildings,157,155,153,149,152,52,56,59,60,59
1498 Tidaholm,industrial buildings,..,..,..,..,..,257,260,263,246,265
1498 Tidaholm,total,425,418,424,433,442,309,316,321,305,325
1499 Falköping,one- or two dwelling buildings,609,618,631,648,660,..,..,..,..,..
1499 Falköping,multi-dwelling and commercial buildings,443,448,449,446,462,196,197,222,218,225
1499 Falköping,industrial buildings,..,..,..,..,..,521,542,555,590,603
1499 Falköping,total,1053,1066,1080,1095,1121,717,738,777,808,828
1715 Kil,one- or two dwelling buildings,281,282,286,311,320,..,..,..,..,..
1715 Kil,multi-dwelling and commercial buildings,104,103,107,106,108,34,33,38,46,45
1715 Kil,industrial buildings,..,..,..,..,..,93,100,108,114,117
1715 Kil,total,384,386,393,418,428,127,133,146,160,162
1730 Eda,one- or two dwelling buildings,157,159,162,163,169,..,..,..,..,..
1730 Eda,multi-dwelling and commercial buildings,63,62,65,66,70,39,56,69,132,150
1730 Eda,industrial buildings,..,..,..,..,..,114,116,112,109,116
1730 Eda,total,220,221,227,229,239,153,173,180,241,265
1737 Torsby,one- or two dwelling buildings,202,194,197,189,191,..,..,..,..,..
1737 Torsby,multi-dwelling and commercial buildings,102,99,99,98,102,37,39,44,51,59
1737 Torsby,industrial buildings,..,..,..,..,..,105,110,120,114,117
1737 Torsby,total,304,293,296,287,293,142,149,164,165,176
1760 Storfors,one- or two dwelling buildings,93,91,90,91,92,..,..,..,..,..
1760 Storfors,multi-dwelling and commercial buildings,35,34,33,30,30,12,13,16,16,15
1760 Storfors,industrial buildings,..,..,..,..,..,98,98,109,103,103
1760 Storfors,total,128,126,123,121,122,110,110,125,120,118
1761 Hammarö,one- or two dwelling buildings,405,420,439,497,556,..,..,..,..,..
1761 Hammarö,multi-dwelling and commercial buildings,146,149,155,154,166,32,34,39,39,46
1761 Hammarö,industrial buildings,..,..,..,..,..,306,309,303,259,265
1761 Hammarö,total,551,569,594,651,721,338,342,342,298,312
1762 Munkfors,one- or two dwelling buildings,130,131,132,122,123,..,..,..,..,..
1762 Munkfors,multi-dwelling and commercial buildings,57,42,45,45,46,20,18,22,28,28
1762 Munkfors,industrial buildings,..,..,..,..,..,106,106,109,107,116
1762 Munkfors,total,187,172,177,167,170,126,124,131,135,144
1763 Forshaga,one- or two dwelling buildings,360,365,361,363,367,..,..,..,..,..
1763 Forshaga,multi-dwelling and commercial buildings,88,87,88,90,94,30,28,29,29,30
1763 Forshaga,industrial buildings,..,..,..,..,..,66,75,77,81,78
1763 Forshaga,total,448,451,448,453,460,97,103,106,111,108
1764 Grums,one- or two dwelling buildings,213,213,216,216,218,..,..,..,..,..
1764 Grums,multi-dwelling and commercial buildings,106,104,103,101,102,25,24,24,28,30
1764 Grums,industrial buildings,..,..,..,..,..,221,234,240,237,342
1764 Grums,total,319,317,318,317,320,246,259,264,265,372
1765 Årjäng,one- or two dwelling buildings,142,132,135,137,138,..,..,..,..,..
1765 Årjäng,multi-dwelling and commercial buildings,81,82,84,84,88,55,85,54,142,135
1765 Årjäng,industrial buildings,..,..,..,..,..,132,132,132,141,143
1765 Årjäng,total,223,213,219,221,227,187,216,185,283,278
1766 Sunne,one- or two dwelling buildings,211,213,219,227,227,..,..,..,..,..
1766 Sunne,multi-dwelling and commercial buildings,88,92,94,95,98,74,74,75,60,68
1766 Sunne,industrial buildings,..,..,..,..,..,131,135,136,148,151
1766 Sunne,total,299,305,313,322,324,205,210,211,208,219
1780 Karlstad,one- or two dwelling buildings,1458,1511,1568,1652,1707,..,..,..,..,..
1780 Karlstad,multi-dwelling and commercial buildings,1730,1792,1861,1947,2088,908,952,991,1051,1146
1780 Karlstad,industrial buildings,..,..,..,..,..,1035,1045,1068,1057,1060
1780 Karlstad,total,3189,3303,3430,3598,3794,1943,1996,2058,2109,2206
1781 Kristinehamn,one- or two dwelling buildings,503,506,512,540,554,..,..,..,..,..
1781 Kristinehamn,multi-dwelling and commercial buildings,410,402,405,412,418,156,174,211,210,221
1781 Kristinehamn,industrial buildings,..,..,..,..,..,312,311,319,293,294
1781 Kristinehamn,total,913,908,917,953,973,469,485,530,503,515
1782 Filipstad,one- or two dwelling buildings,294,296,295,271,270,..,..,..,..,..
1782 Filipstad,multi-dwelling and commercial buildings,163,147,150,150,150,60,62,61,67,68
1782 Filipstad,industrial buildings,..,..,..,..,..,222,224,214,212,210
1782 Filipstad,total,457,442,446,421,421,282,286,276,280,278
1783 Hagfors,one- or two dwelling buildings,299,303,283,295,289,..,..,..,..,..
1783 Hagfors,multi-dwelling and commercial buildings,154,144,139,121,120,69,76,81,83,96
1783 Hagfors,industrial buildings,..,..,..,..,..,250,253,254,260,258
1783 Hagfors,total,452,447,422,416,409,319,329,335,343,354
1784 Arvika,one- or two dwelling buildings,429,434,432,451,453,..,..,..,..,..
1784 Arvika,multi-dwelling and commercial buildings,343,345,354,363,362,145,150,144,155,165
1784 Arvika,industrial buildings,..,..,..,..,..,334,337,335,351,389
1784 Arvika,total,772,779,786,815,814,479,487,479,506,554
1785 Säffle,one- or two dwelling buildings,333,336,340,330,333,..,..,..,..,..
1785 Säffle,multi-dwelling and commercial buildings,181,181,183,182,186,96,97,116,129,132
1785 Säffle,industrial buildings,..,..,..,..,..,288,299,292,275,280
1785 Säffle,total,515,518,523,512,519,385,396,407,404,412
1814 Lekeberg,one- or two dwelling buildings,99,102,108,146,190,..,..,..,..,..
1814 Lekeberg,multi-dwelling and commercial buildings,34,34,36,37,39,14,14,14,18,20
1814 Lekeberg,industrial buildings,..,..,..,..,..,39,37,39,43,45
1814 Lekeberg,total,133,136,144,183,229,53,51,53,61,65
1860 Laxå,one- or two dwelling buildings,159,161,162,151,153,..,..,..,..,..
1860 Laxå,multi-dwelling and commercial buildings,87,76,61,59,60,41,39,37,44,45
1860 Laxå,industrial buildings,..,..,..,..,..,229,239,225,176,183
1860 Laxå,total,247,237,223,210,214,270,277,262,220,227
1861 Hallsberg,one- or two dwelling buildings,379,382,388,404,412,..,..,..,..,..
1861 Hallsberg,multi-dwelling and commercial buildings,184,166,161,167,172,77,75,72,86,94
1861 Hallsberg,industrial buildings,..,..,..,..,..,295,300,342,350,363
1861 Hallsberg,total,564,548,549,571,584,372,374,415,436,457
1862 Degerfors,one- or two dwelling buildings,270,275,277,272,274,..,..,..,..,..
1862 Degerfors,multi-dwelling and commercial buildings,131,117,102,100,102,55,55,49,49,48
1862 Degerfors,industrial buildings,..,..,..,..,..,200,203,197,204,203
1862 Degerfors,total,401,392,379,372,376,255,258,246,253,251
1863 Hällefors,one- or two dwelling buildings,172,174,175,177,177,..,..,..,..,..
1863 Hällefors,multi-dwelling and commercial buildings,110,87,85,86,88,52,54,47,56,56
1863 Hällefors,industrial buildings,..,..,..,..,..,142,144,147,146,148
1863 Hällefors,total,281,261,260,263,265,194,198,194,202,204
1864 Ljusnarsberg,one- or two dwelling buildings,142,139,141,135,137,..,..,..,..,..
1864 Ljusnarsberg,multi-dwelling and commercial buildings,69,62,59,57,57,28,31,30,29,29
1864 Ljusnarsberg,industrial buildings,..,..,..,..,..,83,86,88,95,95
1864 Ljusnarsberg,total,211,201,200,192,194,111,116,118,124,124
1880 Örebro,one- or two dwelling buildings,1781,1876,1980,2143,2345,..,..,..,..,..
1880 Örebro,multi-dwelling and commercial buildings,2747,2792,3001,3106,3476,1231,1282,1389,1540,1666
1880 Örebro,industrial buildings,..,..,..,..,..,1264,1381,1453,1364,1765
1880 Örebro,total,4528,4668,4980,5249,5822,2495,2663,2842,2904,3431
1881 Kumla,one- or two dwelling buildings,433,445,479,522,567,..,..,..,..,..
1881 Kumla,multi-dwelling and commercial buildings,247,250,266,271,281,73,68,78,84,88
1881 Kumla,industrial buildings,..,..,..,..,..,286,300,307,299,329
1881 Kumla,total,679,695,745,793,848,360,368,385,383,417
1882 Askersund,one- or two dwelling buildings,238,234,238,255,269,..,..,..,..,..
1882 Askersund,multi-dwelling and commercial buildings,114,114,113,114,122,44,45,47,50,58
1882 Askersund,industrial buildings,..,..,..,..,..,118,125,144,140,163
1882 Askersund,total,352,348,351,369,391,162,170,190,190,222
1883 Karlskoga,one- or two dwelling buildings,714,721,730,745,756,..,..,..,..,..
1883 Karlskoga,multi-dwelling and commercial buildings,556,528,504,504,515,318,282,328,350,344
1883 Karlskoga,industrial buildings,..,..,..,..,..,628,663,641,480,496
1883 Karlskoga,total,1269,1249,1233,1249,1271,946,946,969,831,840
1884 Nora,one- or two dwelling buildings,256,265,270,278,282,..,..,..,..,..
1884 Nora,multi-dwelling and commercial buildings,105,102,104,107,112,43,47,49,63,65
1884 Nora,industrial buildings,..,..,..,..,..,114,95,94,101,102
1884 Nora,total,360,367,374,386,394,157,141,143,165,167
1885 Lindesberg,one- or two dwelling buildings,540,547,554,559,564,..,..,..,..,..
1885 Lindesberg,multi-dwelling and commercial buildings,269,257,264,268,282,126,125,138,140,157
1885 Lindesberg,industrial buildings,..,..,..,..,..,397,404,395,312,330
1885 Lindesberg,total,809,804,818,827,847,523,528,533,452,488
1904 Skinnskatteberg,one- or two dwelling buildings,104,106,106,101,101,..,..,..,..,..
1904 Skinnskatteberg,multi-dwelling and commercial buildings,43,42,41,36,37,12,12,13,12,20
1904 Skinnskatteberg,industrial buildings,..,..,..,..,..,68,68,72,75,76
1904 Skinnskatteberg,total,146,148,147,137,139,80,80,85,87,97
1907 Surahammar,one- or two dwelling buildings,307,311,315,305,304,..,..,..,..,..
1907 Surahammar,multi-dwelling and commercial buildings,130,126,120,112,113,57,59,52,40,41
1907 Surahammar,industrial buildings,..,..,..,..,..,179,178,193,138,113
1907 Surahammar,total,437,437,435,416,417,237,237,245,178,154
1960 Kungsör,one- or two dwelling buildings,209,211,214,224,233,..,..,..,..,..
1960 Kungsör,multi-dwelling and commercial buildings,82,87,85,85,87,44,50,49,44,45
1960 Kungsör,industrial buildings,..,..,..,..,..,109,112,116,118,124
1960 Kungsör,total,291,298,299,309,320,153,162,165,162,168
1961 Hallstahammar,one- or two dwelling buildings,347,354,368,372,385,..,..,..,..,..
1961 Hallstahammar,multi-dwelling and commercial buildings,240,243,217,216,222,92,93,83,88,85
1961 Hallstahammar,industrial buildings,..,..,..,..,..,207,304,314,301,302
1961 Hallstahammar,total,587,597,585,588,607,298,397,398,389,387
1962 Norberg,one- or two dwelling buildings,135,137,141,141,140,..,..,..,..,..
1962 Norberg,multi-dwelling and commercial buildings,98,97,96,98,95,31,35,32,32,27
1962 Norberg,industrial buildings,..,..,..,..,..,70,71,71,72,81
1962 Norberg,total,233,234,237,239,235,100,106,103,105,108
1980 Västerås,one- or two dwelling buildings,2400,2501,2580,2711,2863,..,..,..,..,..
1980 Västerås,multi-dwelling and commercial buildings,2673,2821,2924,3072,3297,1473,1533,1595,1778,1897
1980 Västerås,industrial buildings,..,..,..,4,4,1321,1349,1389,1444,1456
1980 Västerås,total,5073,5322,5504,5787,6164,2794,2882,2985,3222,3353
1981 Sala,one- or two dwelling buildings,403,407,422,435,448,..,..,..,..,..
1981 Sala,multi-dwelling and commercial buildings,261,272,280,279,284,139,150,158,160,158
1981 Sala,industrial buildings,..,..,..,..,..,168,171,172,149,151
1981 Sala,total,664,679,702,715,732,307,321,329,309,309
1982 Fagersta,one- or two dwelling buildings,244,246,247,259,254,..,..,..,..,..
1982 Fagersta,multi-dwelling and commercial buildings,280,279,280,272,271,109,100,105,104,110
1982 Fagersta,industrial buildings,..,..,..,..,..,252,252,267,299,293
1982 Fagersta,total,524,526,528,531,525,361,352,372,403,403
1983 Köping,one- or two dwelling buildings,430,435,445,447,452,..,..,..,..,..
1983 Köping,multi-dwelling and commercial buildings,479,468,469,469,476,197,205,207,212,209
1983 Köping,industrial buildings,..,..,..,..,..,554,558,581,520,517
1983 Köping,total,909,903,915,916,928,751,764,788,733,726
1984 Arboga,one- or two dwelling buildings,270,274,278,280,295,..,..,..,..,..
1984 Arboga,multi-dwelling and commercial buildings,259,260,260,249,257,95,99,102,112,120
1984 Arboga,industrial buildings,..,..,..,..,..,195,188,189,135,140
1984 Arboga,total,529,534,538,530,552,291,287,291,246,260
2021 Vansbro,one- or two dwelling buildings,167,173,174,237,221,..,..,..,..,..
2021 Vansbro,multi-dwelling and commercial buildings,58,58,56,56,57,32,35,35,39,35
2021 Vansbro,industrial buildings,..,..,..,..,..,107,101,107,154,157
2021 Vansbro,total,225,231,231,294,277,139,135,142,193,192
2023 Malung-Sälen,one- or two dwelling buildings,340,336,336,332,350,..,..,..,..,..
2023 Malung-Sälen,multi-dwelling and commercial buildings,87,79,78,75,78,62,73,85,86,90
2023 Malung-Sälen,industrial buildings,..,..,..,..,..,160,168,169,175,183
2023 Malung-Sälen,total,427,415,414,407,428,222,241,255,261,274
2026 Gagnef,one- or two dwelling buildings,332,338,346,372,376,..,..,..,..,..
2026 Gagnef,multi-dwelling and commercial buildings,29,32,33,34,37,26,27,29,27,28
2026 Gagnef,industrial buildings,..,..,..,..,..,124,127,127,127,129
2026 Gagnef,total,361,370,379,406,413,150,153,156,153,156
2029 Leksand,one- or two dwelling buildings,468,510,530,632,651,..,..,..,..,..
2029 Leksand,multi-dwelling and commercial buildings,127,128,131,127,133,105,131,142,137,147
2029 Leksand,industrial buildings,..,..,..,..,..,187,242,278,213,295
2029 Leksand,total,595,638,661,759,784,292,373,419,350,442
2031 Rättvik,one- or two dwelling buildings,302,312,323,409,427,..,..,..,..,..
2031 Rättvik,multi-dwelling and commercial buildings,115,112,120,116,120,67,65,69,73,75
2031 Rättvik,industrial buildings,..,..,..,..,..,91,93,99,114,124
2031 Rättvik,total,417,425,443,524,547,159,158,168,186,199
2034 Orsa,one- or two dwelling buildings,217,219,227,249,271,..,..,..,..,..
2034 Orsa,multi-dwelling and commercial buildings,77,78,77,75,73,28,29,32,39,39
2034 Orsa,industrial buildings,..,..,..,..,..,55,54,66,63,61
2034 Orsa,total,294,298,305,324,344,83,83,98,102,100
2039 Älvdalen,one- or two dwelling buildings,212,219,224,214,220,..,..,..,..,..
2039 Älvdalen,multi-dwelling and commercial buildings,46,43,45,46,45,34,36,38,52,48
2039 Älvdalen,industrial buildings,..,..,..,..,..,42,50,48,47,47
2039 Älvdalen,total,258,262,268,259,265,76,86,86,99,95
2061 Smedjebacken,one- or two dwelling buildings,270,274,276,295,302,..,..,..,..,..
2061 Smedjebacken,multi-dwelling and commercial buildings,111,86,84,81,84,52,53,51,52,54
2061 Smedjebacken,industrial buildings,..,..,..,..,..,174,177,173,180,181
2061 Smedjebacken,total,380,360,360,377,386,226,230,224,231,235
2062 Mora,one- or two dwelling buildings,610,640,665,722,748,..,..,..,..,..
2062 Mora,multi-dwelling and commercial buildings,186,185,195,198,205,145,148,165,189,201
2062 Mora,industrial buildings,..,..,..,..,..,277,283,293,293,310
2062 Mora,total,796,825,860,920,953,422,431,458,482,511
2080 Falun,one- or two dwelling buildings,1142,1176,1225,1380,1471,..,..,..,..,..
2080 Falun,multi-dwelling and commercial buildings,896,899,914,919,958,554,580,627,630,643
2080 Falun,industrial buildings,..,..,..,..,..,468,511,468,571,641
2080 Falun,total,2038,2075,2139,2300,2429,1022,1092,1095,1200,1284
2081 Borlänge,one- or two dwelling buildings,1017,1038,1076,1115,1134,..,..,..,..,..
2081 Borlänge,multi-dwelling and commercial buildings,876,860,861,878,910,553,586,621,688,696
2081 Borlänge,industrial buildings,..,..,..,..,..,861,996,1005,1004,989
2081 Borlänge,total,1893,1898,1937,1993,2044,1414,1581,1626,1692,1684
2082 Säter,one- or two dwelling buildings,218,211,222,238,252,..,..,..,..,..
2082 Säter,multi-dwelling and commercial buildings,106,100,104,101,106,43,43,46,43,41
2082 Säter,industrial buildings,..,..,..,..,..,73,71,76,73,74
2082 Säter,total,324,311,326,339,357,116,114,121,117,116
2083 Hedemora,one- or two dwelling buildings,345,350,353,341,353,..,..,..,..,..
2083 Hedemora,multi-dwelling and commercial buildings,209,200,203,193,198,121,126,122,134,125
2083 Hedemora,industrial buildings,..,..,..,..,..,198,212,223,252,253
2083 Hedemora,total,554,549,556,534,551,319,338,344,386,378
2084 Avesta,one- or two dwelling buildings,459,467,470,502,499,..,..,..,..,..
2084 Avesta,multi-dwelling and commercial buildings,364,367,371,364,368,178,191,190,189,199
2084 Avesta,industrial buildings,..,..,..,..,..,501,520,538,547,554
2084 Avesta,total,823,834,840,866,867,679,711,728,735,753
2085 Ludvika,one- or two dwelling buildings,638,649,660,666,672,..,..,..,..,..
2085 Ludvika,multi-dwelling and commercial buildings,470,448,442,442,444,221,230,246,256,265
2085 Ludvika,industrial buildings,..,..,..,..,..,368,376,379,422,452
2085 Ludvika,total,1108,1096,1102,1108,1116,589,606,625,678,717
2101 Ockelbo,one- or two dwelling buildings,154,148,153,149,141,..,..,..,..,..
2101 Ockelbo,multi-dwelling and commercial buildings,44,42,42,39,39,26,26,24,26,25
2101 Ockelbo,industrial buildings,..,..,..,..,..,59,57,53,60,48
2101 Ockelbo,total,198,190,196,188,180,85,83,78,86,73
2104 Hofors,one- or two dwelling buildings,218,220,221,223,227,..,..,..,..,..
2104 Hofors,multi-dwelling and commercial buildings,151,139,133,126,126,81,78,74,73,72
2104 Hofors,industrial buildings,..,..,..,..,..,278,284,290,291,290
2104 Hofors,total,369,359,354,349,353,359,361,364,364,362
2121 Ovanåker,one- or two dwelling buildings,233,238,240,244,245,..,..,..,..,..
2121 Ovanåker,multi-dwelling and commercial buildings,130,129,129,128,131,66,66,64,73,76
2121 Ovanåker,industrial buildings,..,..,..,..,..,277,279,285,268,300
2121 Ovanåker,total,363,366,369,372,376,343,346,349,340,375
2132 Nordanstig,one- or two dwelling buildings,168,170,173,182,186,..,..,..,..,..
2132 Nordanstig,multi-dwelling and commercial buildings,78,74,69,66,67,33,32,36,32,32
2132 Nordanstig,industrial buildings,..,..,..,..,..,72,75,69,61,78
2132 Nordanstig,total,246,244,242,249,254,106,107,105,93,110
2161 Ljusdal,one- or two dwelling buildings,322,317,332,367,372,..,..,..,..,..
2161 Ljusdal,multi-dwelling and commercial buildings,235,235,216,209,212,117,131,132,140,146
2161 Ljusdal,industrial buildings,..,..,..,..,..,175,141,139,135,131
2161 Ljusdal,total,557,552,548,576,585,292,272,271,276,278
2180 Gävle,one- or two dwelling buildings,1935,2040,2092,2250,2315,..,..,..,..,..
2180 Gävle,multi-dwelling and commercial buildings,1715,1707,1733,1783,1872,983,1037,1065,1176,1220
2180 Gävle,industrial buildings,..,..,..,2,2,1044,1261,1311,1237,1395
2180 Gävle,total,3650,3747,3825,4035,4189,2027,2298,2376,2413,2615
2181 Sandviken,one- or two dwelling buildings,838,854,867,892,910,..,..,..,..,..
2181 Sandviken,multi-dwelling and commercial buildings,612,581,584,579,588,282,297,309,335,341
2181 Sandviken,industrial buildings,..,..,..,..,..,734,742,775,717,772
2181 Sandviken,total,1451,1436,1451,1471,1498,1015,1040,1084,1052,1112
2182 Söderhamn,one- or two dwelling buildings,591,590,600,603,614,..,..,..,..,..
2182 Söderhamn,multi-dwelling and commercial buildings,456,407,382,361,361,219,216,200,187,178
2182 Söderhamn,industrial buildings,..,..,..,..,..,391,381,380,340,351
2182 Söderhamn,total,1047,997,982,964,975,610,597,580,528,529
2183 Bollnäs,one- or two dwelling buildings,507,494,505,526,528,..,..,..,..,..
2183 Bollnäs,multi-dwelling and commercial buildings,360,353,357,372,366,212,228,226,223,236
2183 Bollnäs,industrial buildings,..,..,..,..,..,218,205,212,225,224
2183 Bollnäs,total,867,847,862,898,894,429,433,438,448,460
2184 Hudiksvall,one- or two dwelling buildings,636,632,655,718,736,..,..,..,..,..
2184 Hudiksvall,multi-dwelling and commercial buildings,532,532,537,533,547,260,289,300,297,311
2184 Hudiksvall,industrial buildings,..,..,..,..,..,544,515,540,626,573
2184 Hudiksvall,total,1168,1164,1192,1251,1284,804,805,840,923,884
2260 Ånge,one- or two dwelling buildings,213,210,210,211,211,..,..,..,..,..
2260 Ånge,multi-dwelling and commercial buildings,124,121,119,109,108,62,71,80,65,65
2260 Ånge,industrial buildings,..,..,..,..,..,151,146,137,127,126
2260 Ånge,total,337,331,330,321,319,214,217,217,191,191
2262 Timrå,one- or two dwelling buildings,384,386,389,414,421,..,..,..,..,..
2262 Timrå,multi-dwelling and commercial buildings,248,244,243,246,250,72,73,70,72,73
2262 Timrå,industrial buildings,..,..,..,..,..,273,299,304,267,296
2262 Timrå,total,632,630,631,659,671,345,371,374,339,368
2280 Härnösand,one- or two dwelling buildings,505,511,511,504,509,..,..,..,..,..
2280 Härnösand,multi-dwelling and commercial buildings,473,443,448,437,452,282,264,258,306,308
2280 Härnösand,industrial buildings,..,..,..,..,..,238,248,234,201,193
2280 Härnösand,total,978,954,959,941,961,520,512,492,507,501
2281 Sundsvall,one- or two dwelling buildings,1593,1624,1666,1915,1972,..,..,..,..,..
2281 Sundsvall,multi-dwelling and commercial buildings,1845,1875,1894,1913,1974,1020,1038,1180,1215,1302
2281 Sundsvall,industrial buildings,..,..,..,..,..,1291,1303,1274,1117,1090
2281 Sundsvall,total,3438,3498,3561,3827,3946,2312,2342,2454,2332,2392
2282 Kramfors,one- or two dwelling buildings,498,484,481,501,503,..,..,..,..,..
2282 Kramfors,multi-dwelling and commercial buildings,203,187,179,185,189,113,114,126,130,136
2282 Kramfors,industrial buildings,..,..,..,..,..,285,292,289,300,293
2282 Kramfors,total,701,671,660,686,692,398,406,415,430,429
2283 Sollefteå,one- or two dwelling buildings,399,395,400,397,402,..,..,..,..,..
2283 Sollefteå,multi-dwelling and commercial buildings,264,247,248,246,251,157,155,158,162,170
2283 Sollefteå,industrial buildings,..,..,..,..,..,170,177,175,147,147
2283 Sollefteå,total,664,642,648,644,653,327,332,332,309,316
2284 Örnsköldsvik,one- or two dwelling buildings,1297,1292,1306,1344,1381,..,..,..,..,..
2284 Örnsköldsvik,multi-dwelling and commercial buildings,652,647,653,668,698,345,371,392,427,432
2284 Örnsköldsvik,industrial buildings,..,..,..,3,3,1676,1719,1052,1009,1095
2284 Örnsköldsvik,total,1950,1939,1959,2015,2082,2022,2090,1444,1436,1527
2303 Ragunda,one- or two dwelling buildings,97,96,95,95,95,..,..,..,..,..
2303 Ragunda,multi-dwelling and commercial buildings,38,34,34,36,37,23,29,31,38,37
2303 Ragunda,industrial buildings,..,..,..,..,..,65,59,63,72,72
2303 Ragunda,total,136,130,129,130,132,88,89,94,110,109
2305 Bräcke,one- or two dwelling buildings,117,115,115,116,116,..,..,..,..,..
2305 Bräcke,multi-dwelling and commercial buildings,61,56,50,48,47,28,27,25,30,24
2305 Bräcke,industrial buildings,..,..,..,..,..,57,94,98,94,88
2305 Bräcke,total,178,171,166,164,164,86,121,123,124,112
2309 Krokom,one- or two dwelling buildings,231,227,245,304,327,..,..,..,..,..
2309 Krokom,multi-dwelling and commercial buildings,92,87,85,80,78,39,39,39,46,43
2309 Krokom,industrial buildings,..,..,..,..,..,89,101,96,90,100
2309 Krokom,total,323,314,330,384,405,129,140,135,136,143
2313 Strömsund,one- or two dwelling buildings,241,233,234,249,252,..,..,..,..,..
2313 Strömsund,multi-dwelling and commercial buildings,126,116,113,112,113,66,75,77,79,79
2313 Strömsund,industrial buildings,..,..,..,..,..,96,121,129,130,131
2313 Strömsund,total,367,349,347,361,365,162,197,206,209,210
2321 Åre,one- or two dwelling buildings,145,156,175,304,354,..,..,..,..,..
2321 Åre,multi-dwelling and commercial buildings,126,138,175,278,334,95,111,127,175,171
2321 Åre,industrial buildings,..,..,..,2,3,16,15,27,33,34
2321 Åre,total,271,294,350,584,691,111,126,155,208,205
2326 Berg,one- or two dwelling buildings,99,89,91,125,118,..,..,..,..,..
2326 Berg,multi-dwelling and commercial buildings,30,29,27,30,29,28,29,29,36,32
2326 Berg,industrial buildings,..,..,..,..,..,30,34,35,42,40
2326 Berg,total,129,118,118,155,146,58,63,64,77,72
2361 Härjedalen,one- or two dwelling buildings,250,255,263,292,338,..,..,..,..,..
2361 Härjedalen,multi-dwelling and commercial buildings,80,78,78,76,79,65,70,76,76,92
2361 Härjedalen,industrial buildings,..,..,..,..,..,116,119,120,128,130
2361 Härjedalen,total,330,333,341,367,416,181,189,197,204,222
2380 Östersund,one- or two dwelling buildings,857,878,892,1031,1120,..,..,..,..,..
2380 Östersund,multi-dwelling and commercial buildings,1375,1346,1371,1407,1488,580,644,832,828,853
2380 Östersund,industrial buildings,..,..,..,..,..,454,466,500,481,551
2380 Östersund,total,2232,2225,2264,2438,2608,1034,1111,1332,1309,1404
2401 Nordmaling,one- or two dwelling buildings,139,142,143,151,153,..,..,..,..,..
2401 Nordmaling,multi-dwelling and commercial buildings,54,52,51,54,56,25,24,23,20,23
2401 Nordmaling,industrial buildings,..,..,..,..,..,31,65,64,112,114
2401 Nordmaling,total,193,194,194,205,209,55,88,88,132,137
2403 Bjurholm,one- or two dwelling buildings,39,40,40,40,40,..,..,..,..,..
2403 Bjurholm,multi-dwelling and commercial buildings,9,9,10,9,10,6,6,6,5,6
2403 Bjurholm,industrial buildings,..,..,..,..,..,21,21,21,22,22
2403 Bjurholm,total,48,49,50,49,50,28,27,26,27,28
2404 Vindeln,one- or two dwelling buildings,138,139,141,132,118,..,..,..,..,..
2404 Vindeln,multi-dwelling and commercial buildings,36,35,35,33,35,30,39,40,24,23
2404 Vindeln,industrial buildings,..,..,..,..,..,19,19,19,20,20
2404 Vindeln,total,174,174,176,166,154,49,58,59,45,43
2409 Robertsfors,one- or two dwelling buildings,116,117,118,122,124,..,..,..,..,..
2409 Robertsfors,multi-dwelling and commercial buildings,39,38,43,40,41,21,22,25,26,24
2409 Robertsfors,industrial buildings,..,..,..,..,..,71,76,74,73,55
2409 Robertsfors,total,156,155,161,162,165,92,97,98,98,79
2417 Norsjö,one- or two dwelling buildings,87,86,84,83,85,..,..,..,..,..
2417 Norsjö,multi-dwelling and commercial buildings,35,35,36,36,36,20,21,21,21,22
2417 Norsjö,industrial buildings,..,..,..,..,..,28,37,42,45,47
2417 Norsjö,total,121,121,120,120,121,49,57,63,67,69
2418 Malå,one- or two dwelling buildings,69,69,68,69,69,..,..,..,..,..
2418 Malå,multi-dwelling and commercial buildings,29,29,28,28,29,13,11,15,17,16
2418 Malå,industrial buildings,..,..,..,..,..,30,70,84,83,88
2418 Malå,total,98,98,96,97,98,44,81,99,100,105
2421 Storuman,one- or two dwelling buildings,126,128,131,165,184,..,..,..,..,..
2421 Storuman,multi-dwelling and commercial buildings,60,63,58,66,67,49,63,61,68,68
2421 Storuman,industrial buildings,..,..,..,1,6,56,58,50,56,71
2421 Storuman,total,186,191,189,232,257,105,121,111,124,139
2422 Sorsele,one- or two dwelling buildings,51,44,44,45,46,..,..,..,..,..
2422 Sorsele,multi-dwelling and commercial buildings,20,20,20,17,17,12,14,13,14,14
2422 Sorsele,industrial buildings,..,..,..,..,..,19,17,17,19,19
2422 Sorsele,total,71,64,64,62,63,32,31,30,32,33
2425 Dorotea,one- or two dwelling buildings,45,45,45,43,43,..,..,..,..,..
2425 Dorotea,multi-dwelling and commercial buildings,32,32,32,30,31,16,17,18,19,20
2425 Dorotea,industrial buildings,..,..,..,..,..,39,43,47,45,45
2425 Dorotea,total,78,76,76,73,73,55,60,65,64,65
2460 Vännäs,one- or two dwelling buildings,172,175,179,187,194,..,..,..,..,..
2460 Vännäs,multi-dwelling and commercial buildings,96,89,88,93,104,34,29,29,38,38
2460 Vännäs,industrial buildings,..,..,..,..,..,24,26,27,36,42
2460 Vännäs,total,268,264,267,281,298,58,55,56,74,80
2462 Vilhelmina,one- or two dwelling buildings,98,99,100,100,100,..,..,..,..,..
2462 Vilhelmina,multi-dwelling and commercial buildings,77,76,74,74,74,41,41,41,47,44
2462 Vilhelmina,industrial buildings,..,..,..,..,..,59,71,69,60,70
2462 Vilhelmina,total,175,174,174,174,174,100,112,109,107,114
2463 Åsele,one- or two dwelling buildings,85,85,84,69,69,..,..,..,..,..
2463 Åsele,multi-dwelling and commercial buildings,70,39,31,25,25,27,25,22,11,11
2463 Åsele,industrial buildings,..,..,..,..,..,43,47,50,9,9
2463 Åsele,total,155,124,115,94,94,70,72,72,20,21
2480 Umeå,one- or two dwelling buildings,1714,1784,1921,2121,2245,..,..,..,..,..
2480 Umeå,multi-dwelling and commercial buildings,2181,2331,2430,2538,2751,896,925,964,1086,1255
2480 Umeå,industrial buildings,..,..,..,1,2,1027,1035,1081,1063,1216
2480 Umeå,total,3894,4115,4351,4660,4999,1923,1959,2045,2149,2471
2481 Lycksele,one- or two dwelling buildings,234,224,234,233,234,..,..,..,..,..
2481 Lycksele,multi-dwelling and commercial buildings,207,202,193,195,196,108,106,113,112,115
2481 Lycksele,industrial buildings,..,..,..,..,..,134,140,164,136,180
2481 Lycksele,total,441,426,427,427,430,242,245,277,249,295
2482 Skellefteå,one- or two dwelling buildings,1549,1577,1596,1662,1717,..,..,..,..,..
2482 Skellefteå,multi-dwelling and commercial buildings,1071,1047,1057,1057,1094,526,540,545,505,533
2482 Skellefteå,industrial buildings,..,..,..,..,..,835,858,864,721,819
2482 Skellefteå,total,2620,2623,2652,2719,2811,1361,1398,1409,1226,1352
2505 Arvidsjaur,one- or two dwelling buildings,172,170,170,156,158,..,..,..,..,..
2505 Arvidsjaur,multi-dwelling and commercial buildings,75,76,80,81,82,51,64,66,61,62
2505 Arvidsjaur,industrial buildings,..,..,..,..,..,45,43,44,38,39
2505 Arvidsjaur,total,247,246,250,237,240,96,107,111,99,101
2506 Arjeplog,one- or two dwelling buildings,78,68,68,69,70,..,..,..,..,..
2506 Arjeplog,multi-dwelling and commercial buildings,26,25,26,26,26,21,19,19,23,24
2506 Arjeplog,industrial buildings,..,..,..,..,..,26,24,23,41,42
2506 Arjeplog,total,105,93,94,95,96,47,43,42,64,66
2510 Jokkmokk,one- or two dwelling buildings,140,130,131,132,134,..,..,..,..,..
2510 Jokkmokk,multi-dwelling and commercial buildings,52,49,47,43,44,35,31,35,33,35
2510 Jokkmokk,industrial buildings,..,..,..,..,..,43,40,65,55,65
2510 Jokkmokk,total,191,179,179,175,179,77,71,100,88,100
2513 Överkalix,one- or two dwelling buildings,72,72,62,68,68,..,..,..,..,..
2513 Överkalix,multi-dwelling and commercial buildings,33,32,29,29,29,20,19,22,25,25
2513 Överkalix,industrial buildings,..,..,..,..,..,5,5,3,42,42
2513 Överkalix,total,105,104,91,96,97,25,24,25,67,67
2514 Kalix,one- or two dwelling buildings,491,495,496,468,469,..,..,..,..,..
2514 Kalix,multi-dwelling and commercial buildings,180,186,183,175,182,102,104,114,121,118
2514 Kalix,industrial buildings,..,..,..,..,..,210,281,294,201,198
2514 Kalix,total,671,681,679,643,651,312,385,408,323,316
2518 Övertorneå,one- or two dwelling buildings,106,109,96,97,110,..,..,..,..,..
2518 Övertorneå,multi-dwelling and commercial buildings,42,39,38,38,39,27,28,26,26,27
2518 Övertorneå,industrial buildings,..,..,..,..,..,36,37,36,31,31
2518 Övertorneå,total,147,148,133,135,149,63,65,62,57,58
2521 Pajala,one- or two dwelling buildings,123,117,119,125,126,..,..,..,..,..
2521 Pajala,multi-dwelling and commercial buildings,43,39,37,46,47,28,28,24,27,27
2521 Pajala,industrial buildings,..,..,..,..,..,31,34,35,32,33
2521 Pajala,total,167,156,156,171,173,59,62,59,59,60
2523 Gällivare,one- or two dwelling buildings,435,452,439,434,423,..,..,..,..,..
2523 Gällivare,multi-dwelling and commercial buildings,307,296,293,298,310,151,144,155,192,177
2523 Gällivare,industrial buildings,..,..,..,..,..,156,159,159,186,205
2523 Gällivare,total,742,747,732,732,732,307,303,315,378,382
2560 Älvsbyn,one- or two dwelling buildings,211,211,212,216,220,..,..,..,..,..
2560 Älvsbyn,multi-dwelling and commercial buildings,85,86,85,84,88,40,41,39,48,50
2560 Älvsbyn,industrial buildings,..,..,..,..,..,108,105,116,121,128
2560 Älvsbyn,total,295,297,297,300,308,147,146,155,169,178
2580 Luleå,one- or two dwelling buildings,1311,1348,1405,1524,1591,..,..,..,..,..
2580 Luleå,multi-dwelling and commercial buildings,1427,1444,1513,1533,1614,779,804,837,936,996
2580 Luleå,industrial buildings,..,..,..,..,..,831,908,961,989,1015
2580 Luleå,total,2738,2792,2918,3057,3205,1610,1711,1799,1925,2011
2581 Piteå,one- or two dwelling buildings,1025,1047,1053,1092,1126,..,..,..,..,..
2581 Piteå,multi-dwelling and commercial buildings,469,488,515,514,537,257,272,297,307,339
2581 Piteå,industrial buildings,..,..,..,..,..,498,518,525,541,571
2581 Piteå,total,1493,1535,1569,1607,1664,755,790,822,847,910
2582 Boden,one- or two dwelling buildings,642,642,650,664,685,..,..,..,..,..
2582 Boden,multi-dwelling and commercial buildings,489,462,459,455,450,164,182,200,252,244
2582 Boden,industrial buildings,..,..,..,..,..,127,128,132,187,181
2582 Boden,total,1131,1105,1109,1119,1136,290,311,332,439,425
2583 Haparanda,one- or two dwelling buildings,202,205,208,214,220,..,..,..,..,..
2583 Haparanda,multi-dwelling and commercial buildings,143,143,155,157,157,61,67,131,134,140
2583 Haparanda,industrial buildings,..,..,..,..,..,90,96,106,102,110
2583 Haparanda,total,344,348,363,371,377,151,163,237,235,250
2584 Kiruna,one- or two dwelling buildings,513,511,525,515,537,..,..,..,..,..
2584 Kiruna,multi-dwelling and commercial buildings,460,419,389,413,413,221,249,247,243,249
2584 Kiruna,industrial buildings,..,..,..,..,..,116,122,141,136,128
2584 Kiruna,total,973,930,914,928,950,337,371,389,378,377
