time,code,name,level,country,country_name,target,frequency,evolution,dwelling,vintage,index,index_country
01/01/1986,se11,Stockholm (SWE),Small regions,SWE,Sweden,TRUE,Annual data,Nominal,Total,Total,100,
01/01/1986,se12,East Middle Sweden (SWE),Small regions,SWE,Sweden,TRUE,Annual data,Nominal,Total,Total,100,
01/01/1986,se21,Småland with Islands (SWE),Small regions,SWE,Sweden,TRUE,Annual data,Nominal,Total,Total,100,
01/01/1986,se22,South Sweden (SWE),Small regions,SWE,Sweden,TRUE,Annual data,Nominal,Total,Total,100,
01/01/1986,se23,West Sweden (SWE),Small regions,SWE,Sweden,TRUE,Annual data,Nominal,Total,Total,100,
01/01/1986,se31,North Middle Sweden (SWE),Small regions,SWE,Sweden,TRUE,Annual data,Nominal,Total,Total,100,
01/01/1986,se32,Central Norrland (SWE),Small regions,SWE,Sweden,TRUE,Annual data,Nominal,Total,Total,100,
01/01/1986,se33,Upper Norrland (SWE),Small regions,SWE,Sweden,TRUE,Annual data,Nominal,Total,Total,100,
01/01/1987,se11,Stockholm (SWE),Small regions,SWE,Sweden,TRUE,Annual data,Nominal,Total,Total,119.8364008,
01/01/1987,se12,East Middle Sweden (SWE),Small regions,SWE,Sweden,TRUE,Annual data,Nominal,Total,Total,112.5560538,
01/01/1987,se21,Småland with Islands (SWE),Small regions,SWE,Sweden,TRUE,Annual data,Nominal,Total,Total,110.1851852,
01/01/1987,se22,South Sweden (SWE),Small regions,SWE,Sweden,TRUE,Annual data,Nominal,Total,Total,110.7623318,
01/01/1987,se23,West Sweden (SWE),Small regions,SWE,Sweden,TRUE,Annual data,Nominal,Total,Total,112.1338912,
01/01/1987,se31,North Middle Sweden (SWE),Small regions,SWE,Sweden,TRUE,Annual data,Nominal,Total,Total,107.8828829,
01/01/1987,se32,Central Norrland (SWE),Small regions,SWE,Sweden,TRUE,Annual data,Nominal,Total,Total,107.1895425,
01/01/1987,se33,Upper Norrland (SWE),Small regions,SWE,Sweden,TRUE,Annual data,Nominal,Total,Total,108.8888889,
01/01/1988,se11,Stockholm (SWE),Small regions,SWE,Sweden,TRUE,Annual data,Nominal,Total,Total,152.1472393,
01/01/1988,se12,East Middle Sweden (SWE),Small regions,SWE,Sweden,TRUE,Annual data,Nominal,Total,Total,129.3721973,
01/01/1988,se21,Småland with Islands (SWE),Small regions,SWE,Sweden,TRUE,Annual data,Nominal,Total,Total,122.9166667,
01/01/1988,se22,South Sweden (SWE),Small regions,SWE,Sweden,TRUE,Annual data,Nominal,Total,Total,130.044843,
01/01/1988,se23,West Sweden (SWE),Small regions,SWE,Sweden,TRUE,Annual data,Nominal,Total,Total,135.1464435,
01/01/1988,se31,North Middle Sweden (SWE),Small regions,SWE,Sweden,TRUE,Annual data,Nominal,Total,Total,122.7477477,
01/01/1988,se32,Central Norrland (SWE),Small regions,SWE,Sweden,TRUE,Annual data,Nominal,Total,Total,117.211329,
01/01/1988,se33,Upper Norrland (SWE),Small regions,SWE,Sweden,TRUE,Annual data,Nominal,Total,Total,121.3333333,
01/01/1989,se11,Stockholm (SWE),Small regions,SWE,Sweden,TRUE,Annual data,Nominal,Total,Total,181.390593,
01/01/1989,se12,East Middle Sweden (SWE),Small regions,SWE,Sweden,TRUE,Annual data,Nominal,Total,Total,152.9147982,
01/01/1989,se21,Småland with Islands (SWE),Small regions,SWE,Sweden,TRUE,Annual data,Nominal,Total,Total,144.212963,
01/01/1989,se22,South Sweden (SWE),Small regions,SWE,Sweden,TRUE,Annual data,Nominal,Total,Total,158.2959641,
01/01/1989,se23,West Sweden (SWE),Small regions,SWE,Sweden,TRUE,Annual data,Nominal,Total,Total,162.3430962,
01/01/1989,se31,North Middle Sweden (SWE),Small regions,SWE,Sweden,TRUE,Annual data,Nominal,Total,Total,141.8918919,
01/01/1989,se32,Central Norrland (SWE),Small regions,SWE,Sweden,TRUE,Annual data,Nominal,Total,Total,131.1546841,
01/01/1989,se33,Upper Norrland (SWE),Small regions,SWE,Sweden,TRUE,Annual data,Nominal,Total,Total,142.4444444,
01/01/1990,se11,Stockholm (SWE),Small regions,SWE,Sweden,TRUE,Annual data,Nominal,Total,Total,201.8404908,
01/01/1990,se12,East Middle Sweden (SWE),Small regions,SWE,Sweden,TRUE,Annual data,Nominal,Total,Total,170.8520179,
01/01/1990,se21,Småland with Islands (SWE),Small regions,SWE,Sweden,TRUE,Annual data,Nominal,Total,Total,160.6481481,
01/01/1990,se22,South Sweden (SWE),Small regions,SWE,Sweden,TRUE,Annual data,Nominal,Total,Total,183.1838565,
01/01/1990,se23,West Sweden (SWE),Small regions,SWE,Sweden,TRUE,Annual data,Nominal,Total,Total,178.2426778,
01/01/1990,se31,North Middle Sweden (SWE),Small regions,SWE,Sweden,TRUE,Annual data,Nominal,Total,Total,159.9099099,
01/01/1990,se32,Central Norrland (SWE),Small regions,SWE,Sweden,TRUE,Annual data,Nominal,Total,Total,145.751634,
01/01/1990,se33,Upper Norrland (SWE),Small regions,SWE,Sweden,TRUE,Annual data,Nominal,Total,Total,159.1111111,
01/01/1991,se11,Stockholm (SWE),Small regions,SWE,Sweden,TRUE,Annual data,Nominal,Total,Total,206.7484663,
01/01/1991,se12,East Middle Sweden (SWE),Small regions,SWE,Sweden,TRUE,Annual data,Nominal,Total,Total,183.4080717,
01/01/1991,se21,Småland with Islands (SWE),Small regions,SWE,Sweden,TRUE,Annual data,Nominal,Total,Total,176.1574074,
01/01/1991,se22,South Sweden (SWE),Small regions,SWE,Sweden,TRUE,Annual data,Nominal,Total,Total,204.2600897,
01/01/1991,se23,West Sweden (SWE),Small regions,SWE,Sweden,TRUE,Annual data,Nominal,Total,Total,188.7029289,
01/01/1991,se31,North Middle Sweden (SWE),Small regions,SWE,Sweden,TRUE,Annual data,Nominal,Total,Total,171.3963964,
01/01/1991,se32,Central Norrland (SWE),Small regions,SWE,Sweden,TRUE,Annual data,Nominal,Total,Total,157.08061,
01/01/1991,se33,Upper Norrland (SWE),Small regions,SWE,Sweden,TRUE,Annual data,Nominal,Total,Total,172,
01/01/1992,se11,Stockholm (SWE),Small regions,SWE,Sweden,TRUE,Annual data,Nominal,Total,Total,177.9141104,
01/01/1992,se12,East Middle Sweden (SWE),Small regions,SWE,Sweden,TRUE,Annual data,Nominal,Total,Total,169.058296,
01/01/1992,se21,Småland with Islands (SWE),Small regions,SWE,Sweden,TRUE,Annual data,Nominal,Total,Total,166.6666667,
01/01/1992,se22,South Sweden (SWE),Small regions,SWE,Sweden,TRUE,Annual data,Nominal,Total,Total,186.9955157,
01/01/1992,se23,West Sweden (SWE),Small regions,SWE,Sweden,TRUE,Annual data,Nominal,Total,Total,168.8284519,
01/01/1992,se31,North Middle Sweden (SWE),Small regions,SWE,Sweden,TRUE,Annual data,Nominal,Total,Total,161.036036,
01/01/1992,se32,Central Norrland (SWE),Small regions,SWE,Sweden,TRUE,Annual data,Nominal,Total,Total,149.8910675,
01/01/1992,se33,Upper Norrland (SWE),Small regions,SWE,Sweden,TRUE,Annual data,Nominal,Total,Total,161.3333333,
01/01/1993,se11,Stockholm (SWE),Small regions,SWE,Sweden,TRUE,Annual data,Nominal,Total,Total,150.1022495,
01/01/1993,se12,East Middle Sweden (SWE),Small regions,SWE,Sweden,TRUE,Annual data,Nominal,Total,Total,149.5515695,
01/01/1993,se21,Småland with Islands (SWE),Small regions,SWE,Sweden,TRUE,Annual data,Nominal,Total,Total,154.3981481,
01/01/1993,se22,South Sweden (SWE),Small regions,SWE,Sweden,TRUE,Annual data,Nominal,Total,Total,166.1434978,
01/01/1993,se23,West Sweden (SWE),Small regions,SWE,Sweden,TRUE,Annual data,Nominal,Total,Total,150.209205,
01/01/1993,se31,North Middle Sweden (SWE),Small regions,SWE,Sweden,TRUE,Annual data,Nominal,Total,Total,148.6486486,
01/01/1993,se32,Central Norrland (SWE),Small regions,SWE,Sweden,TRUE,Annual data,Nominal,Total,Total,134.422658,
01/01/1993,se33,Upper Norrland (SWE),Small regions,SWE,Sweden,TRUE,Annual data,Nominal,Total,Total,145.5555556,
01/01/1994,se11,Stockholm (SWE),Small regions,SWE,Sweden,TRUE,Annual data,Nominal,Total,Total,164.6216769,
01/01/1994,se12,East Middle Sweden (SWE),Small regions,SWE,Sweden,TRUE,Annual data,Nominal,Total,Total,153.8116592,
01/01/1994,se21,Småland with Islands (SWE),Small regions,SWE,Sweden,TRUE,Annual data,Nominal,Total,Total,161.8055556,
01/01/1994,se22,South Sweden (SWE),Small regions,SWE,Sweden,TRUE,Annual data,Nominal,Total,Total,173.3183857,
01/01/1994,se23,West Sweden (SWE),Small regions,SWE,Sweden,TRUE,Annual data,Nominal,Total,Total,155.6485356,
01/01/1994,se31,North Middle Sweden (SWE),Small regions,SWE,Sweden,TRUE,Annual data,Nominal,Total,Total,151.1261261,
01/01/1994,se32,Central Norrland (SWE),Small regions,SWE,Sweden,TRUE,Annual data,Nominal,Total,Total,137.6906318,
01/01/1994,se33,Upper Norrland (SWE),Small regions,SWE,Sweden,TRUE,Annual data,Nominal,Total,Total,150,
01/01/1995,se11,Stockholm (SWE),Small regions,SWE,Sweden,TRUE,Annual data,Nominal,Total,Total,166.4621677,
01/01/1995,se12,East Middle Sweden (SWE),Small regions,SWE,Sweden,TRUE,Annual data,Nominal,Total,Total,153.5874439,
01/01/1995,se21,Småland with Islands (SWE),Small regions,SWE,Sweden,TRUE,Annual data,Nominal,Total,Total,162.962963,
01/01/1995,se22,South Sweden (SWE),Small regions,SWE,Sweden,TRUE,Annual data,Nominal,Total,Total,175.5605381,
01/01/1995,se23,West Sweden (SWE),Small regions,SWE,Sweden,TRUE,Annual data,Nominal,Total,Total,156.2761506,
01/01/1995,se31,North Middle Sweden (SWE),Small regions,SWE,Sweden,TRUE,Annual data,Nominal,Total,Total,150.4504505,
01/01/1995,se32,Central Norrland (SWE),Small regions,SWE,Sweden,TRUE,Annual data,Nominal,Total,Total,132.4618736,
01/01/1995,se33,Upper Norrland (SWE),Small regions,SWE,Sweden,TRUE,Annual data,Nominal,Total,Total,147.5555556,
01/01/1996,se11,Stockholm (SWE),Small regions,SWE,Sweden,TRUE,Annual data,Nominal,Total,Total,167.0756646,
01/01/1996,se12,East Middle Sweden (SWE),Small regions,SWE,Sweden,TRUE,Annual data,Nominal,Total,Total,155.1569507,
01/01/1996,se21,Småland with Islands (SWE),Small regions,SWE,Sweden,TRUE,Annual data,Nominal,Total,Total,164.5833333,
01/01/1996,se22,South Sweden (SWE),Small regions,SWE,Sweden,TRUE,Annual data,Nominal,Total,Total,178.9237668,
01/01/1996,se23,West Sweden (SWE),Small regions,SWE,Sweden,TRUE,Annual data,Nominal,Total,Total,157.5313808,
01/01/1996,se31,North Middle Sweden (SWE),Small regions,SWE,Sweden,TRUE,Annual data,Nominal,Total,Total,151.5765766,
01/01/1996,se32,Central Norrland (SWE),Small regions,SWE,Sweden,TRUE,Annual data,Nominal,Total,Total,132.8976035,
01/01/1996,se33,Upper Norrland (SWE),Small regions,SWE,Sweden,TRUE,Annual data,Nominal,Total,Total,146.4444444,
01/01/1997,se11,Stockholm (SWE),Small regions,SWE,Sweden,TRUE,Annual data,Nominal,Total,Total,187.3210634,
01/01/1997,se12,East Middle Sweden (SWE),Small regions,SWE,Sweden,TRUE,Annual data,Nominal,Total,Total,162.7802691,
01/01/1997,se21,Småland with Islands (SWE),Small regions,SWE,Sweden,TRUE,Annual data,Nominal,Total,Total,171.5277778,
01/01/1997,se22,South Sweden (SWE),Small regions,SWE,Sweden,TRUE,Annual data,Nominal,Total,Total,191.4798206,
01/01/1997,se23,West Sweden (SWE),Small regions,SWE,Sweden,TRUE,Annual data,Nominal,Total,Total,168.6192469,
01/01/1997,se31,North Middle Sweden (SWE),Small regions,SWE,Sweden,TRUE,Annual data,Nominal,Total,Total,154.0540541,
01/01/1997,se32,Central Norrland (SWE),Small regions,SWE,Sweden,TRUE,Annual data,Nominal,Total,Total,135.9477124,
01/01/1997,se33,Upper Norrland (SWE),Small regions,SWE,Sweden,TRUE,Annual data,Nominal,Total,Total,151.1111111,
01/01/1998,se11,Stockholm (SWE),Small regions,SWE,Sweden,TRUE,Annual data,Nominal,Total,Total,215.7464213,
01/01/1998,se12,East Middle Sweden (SWE),Small regions,SWE,Sweden,TRUE,Annual data,Nominal,Total,Total,176.2331839,
01/01/1998,se21,Småland with Islands (SWE),Small regions,SWE,Sweden,TRUE,Annual data,Nominal,Total,Total,186.5740741,
01/01/1998,se22,South Sweden (SWE),Small regions,SWE,Sweden,TRUE,Annual data,Nominal,Total,Total,209.8654709,
01/01/1998,se23,West Sweden (SWE),Small regions,SWE,Sweden,TRUE,Annual data,Nominal,Total,Total,183.0543933,
01/01/1998,se31,North Middle Sweden (SWE),Small regions,SWE,Sweden,TRUE,Annual data,Nominal,Total,Total,161.7117117,
01/01/1998,se32,Central Norrland (SWE),Small regions,SWE,Sweden,TRUE,Annual data,Nominal,Total,Total,140.087146,
01/01/1998,se33,Upper Norrland (SWE),Small regions,SWE,Sweden,TRUE,Annual data,Nominal,Total,Total,158.4444444,
01/01/1999,se11,Stockholm (SWE),Small regions,SWE,Sweden,TRUE,Annual data,Nominal,Total,Total,246.6257669,
01/01/1999,se12,East Middle Sweden (SWE),Small regions,SWE,Sweden,TRUE,Annual data,Nominal,Total,Total,189.6860987,
01/01/1999,se21,Småland with Islands (SWE),Small regions,SWE,Sweden,TRUE,Annual data,Nominal,Total,Total,197.4537037,
01/01/1999,se22,South Sweden (SWE),Small regions,SWE,Sweden,TRUE,Annual data,Nominal,Total,Total,233.8565022,
01/01/1999,se23,West Sweden (SWE),Small regions,SWE,Sweden,TRUE,Annual data,Nominal,Total,Total,198.1171548,
01/01/1999,se31,North Middle Sweden (SWE),Small regions,SWE,Sweden,TRUE,Annual data,Nominal,Total,Total,167.3423423,
01/01/1999,se32,Central Norrland (SWE),Small regions,SWE,Sweden,TRUE,Annual data,Nominal,Total,Total,145.5337691,
01/01/1999,se33,Upper Norrland (SWE),Small regions,SWE,Sweden,TRUE,Annual data,Nominal,Total,Total,166.6666667,
01/01/2000,se11,Stockholm (SWE),Small regions,SWE,Sweden,TRUE,Annual data,Nominal,Total,Total,298.1595092,
01/01/2000,se12,East Middle Sweden (SWE),Small regions,SWE,Sweden,TRUE,Annual data,Nominal,Total,Total,207.1748879,
01/01/2000,se21,Småland with Islands (SWE),Small regions,SWE,Sweden,TRUE,Annual data,Nominal,Total,Total,209.9537037,
01/01/2000,se22,South Sweden (SWE),Small regions,SWE,Sweden,TRUE,Annual data,Nominal,Total,Total,259.8654709,
01/01/2000,se23,West Sweden (SWE),Small regions,SWE,Sweden,TRUE,Annual data,Nominal,Total,Total,216.9456067,
01/01/2000,se31,North Middle Sweden (SWE),Small regions,SWE,Sweden,TRUE,Annual data,Nominal,Total,Total,174.0990991,
01/01/2000,se32,Central Norrland (SWE),Small regions,SWE,Sweden,TRUE,Annual data,Nominal,Total,Total,150.5446623,
01/01/2000,se33,Upper Norrland (SWE),Small regions,SWE,Sweden,TRUE,Annual data,Nominal,Total,Total,172.6666667,
01/01/2001,se11,Stockholm (SWE),Small regions,SWE,Sweden,TRUE,Annual data,Nominal,Total,Total,329.0388548,
01/01/2001,se12,East Middle Sweden (SWE),Small regions,SWE,Sweden,TRUE,Annual data,Nominal,Total,Total,222.8699552,
01/01/2001,se21,Småland with Islands (SWE),Small regions,SWE,Sweden,TRUE,Annual data,Nominal,Total,Total,224.0740741,
01/01/2001,se22,South Sweden (SWE),Small regions,SWE,Sweden,TRUE,Annual data,Nominal,Total,Total,281.6143498,
01/01/2001,se23,West Sweden (SWE),Small regions,SWE,Sweden,TRUE,Annual data,Nominal,Total,Total,232.8451883,
01/01/2001,se31,North Middle Sweden (SWE),Small regions,SWE,Sweden,TRUE,Annual data,Nominal,Total,Total,182.2072072,
01/01/2001,se32,Central Norrland (SWE),Small regions,SWE,Sweden,TRUE,Annual data,Nominal,Total,Total,155.1198257,
01/01/2001,se33,Upper Norrland (SWE),Small regions,SWE,Sweden,TRUE,Annual data,Nominal,Total,Total,182,
01/01/2002,se11,Stockholm (SWE),Small regions,SWE,Sweden,TRUE,Annual data,Nominal,Total,Total,347.6482618,
01/01/2002,se12,East Middle Sweden (SWE),Small regions,SWE,Sweden,TRUE,Annual data,Nominal,Total,Total,242.1524664,
01/01/2002,se21,Småland with Islands (SWE),Small regions,SWE,Sweden,TRUE,Annual data,Nominal,Total,Total,237.037037,
01/01/2002,se22,South Sweden (SWE),Small regions,SWE,Sweden,TRUE,Annual data,Nominal,Total,Total,301.5695067,
01/01/2002,se23,West Sweden (SWE),Small regions,SWE,Sweden,TRUE,Annual data,Nominal,Total,Total,247.6987448,
01/01/2002,se31,North Middle Sweden (SWE),Small regions,SWE,Sweden,TRUE,Annual data,Nominal,Total,Total,190.990991,
01/01/2002,se32,Central Norrland (SWE),Small regions,SWE,Sweden,TRUE,Annual data,Nominal,Total,Total,160.130719,
01/01/2002,se33,Upper Norrland (SWE),Small regions,SWE,Sweden,TRUE,Annual data,Nominal,Total,Total,189.7777778,
01/01/2003,se11,Stockholm (SWE),Small regions,SWE,Sweden,TRUE,Annual data,Nominal,Total,Total,356.0327198,
01/01/2003,se12,East Middle Sweden (SWE),Small regions,SWE,Sweden,TRUE,Annual data,Nominal,Total,Total,261.4349776,
01/01/2003,se21,Småland with Islands (SWE),Small regions,SWE,Sweden,TRUE,Annual data,Nominal,Total,Total,253.9351852,
01/01/2003,se22,South Sweden (SWE),Small regions,SWE,Sweden,TRUE,Annual data,Nominal,Total,Total,328.6995516,
01/01/2003,se23,West Sweden (SWE),Small regions,SWE,Sweden,TRUE,Annual data,Nominal,Total,Total,272.8033473,
01/01/2003,se31,North Middle Sweden (SWE),Small regions,SWE,Sweden,TRUE,Annual data,Nominal,Total,Total,201.5765766,
01/01/2003,se32,Central Norrland (SWE),Small regions,SWE,Sweden,TRUE,Annual data,Nominal,Total,Total,168.8453159,
01/01/2003,se33,Upper Norrland (SWE),Small regions,SWE,Sweden,TRUE,Annual data,Nominal,Total,Total,194,
01/01/2004,se11,Stockholm (SWE),Small regions,SWE,Sweden,TRUE,Annual data,Nominal,Total,Total,381.390593,
01/01/2004,se12,East Middle Sweden (SWE),Small regions,SWE,Sweden,TRUE,Annual data,Nominal,Total,Total,283.1838565,
01/01/2004,se21,Småland with Islands (SWE),Small regions,SWE,Sweden,TRUE,Annual data,Nominal,Total,Total,275,
01/01/2004,se22,South Sweden (SWE),Small regions,SWE,Sweden,TRUE,Annual data,Nominal,Total,Total,366.367713,
01/01/2004,se23,West Sweden (SWE),Small regions,SWE,Sweden,TRUE,Annual data,Nominal,Total,Total,307.7405858,
01/01/2004,se31,North Middle Sweden (SWE),Small regions,SWE,Sweden,TRUE,Annual data,Nominal,Total,Total,218.9189189,
01/01/2004,se32,Central Norrland (SWE),Small regions,SWE,Sweden,TRUE,Annual data,Nominal,Total,Total,179.3028322,
01/01/2004,se33,Upper Norrland (SWE),Small regions,SWE,Sweden,TRUE,Annual data,Nominal,Total,Total,209.5555556,
01/01/2005,se11,Stockholm (SWE),Small regions,SWE,Sweden,TRUE,Annual data,Nominal,Total,Total,408.997955,
01/01/2005,se12,East Middle Sweden (SWE),Small regions,SWE,Sweden,TRUE,Annual data,Nominal,Total,Total,308.5201794,
01/01/2005,se21,Småland with Islands (SWE),Small regions,SWE,Sweden,TRUE,Annual data,Nominal,Total,Total,298.8425926,
01/01/2005,se22,South Sweden (SWE),Small regions,SWE,Sweden,TRUE,Annual data,Nominal,Total,Total,405.3811659,
01/01/2005,se23,West Sweden (SWE),Small regions,SWE,Sweden,TRUE,Annual data,Nominal,Total,Total,338.7029289,
01/01/2005,se31,North Middle Sweden (SWE),Small regions,SWE,Sweden,TRUE,Annual data,Nominal,Total,Total,238.0630631,
01/01/2005,se32,Central Norrland (SWE),Small regions,SWE,Sweden,TRUE,Annual data,Nominal,Total,Total,196.5141612,
01/01/2005,se33,Upper Norrland (SWE),Small regions,SWE,Sweden,TRUE,Annual data,Nominal,Total,Total,229.7777778,
01/01/2006,se11,Stockholm (SWE),Small regions,SWE,Sweden,TRUE,Annual data,Nominal,Total,Total,460.7361963,
01/01/2006,se12,East Middle Sweden (SWE),Small regions,SWE,Sweden,TRUE,Annual data,Nominal,Total,Total,336.7713004,
01/01/2006,se21,Småland with Islands (SWE),Small regions,SWE,Sweden,TRUE,Annual data,Nominal,Total,Total,329.6296296,
01/01/2006,se22,South Sweden (SWE),Small regions,SWE,Sweden,TRUE,Annual data,Nominal,Total,Total,462.3318386,
01/01/2006,se23,West Sweden (SWE),Small regions,SWE,Sweden,TRUE,Annual data,Nominal,Total,Total,386.1924686,
01/01/2006,se31,North Middle Sweden (SWE),Small regions,SWE,Sweden,TRUE,Annual data,Nominal,Total,Total,261.9369369,
01/01/2006,se32,Central Norrland (SWE),Small regions,SWE,Sweden,TRUE,Annual data,Nominal,Total,Total,214.379085,
01/01/2006,se33,Upper Norrland (SWE),Small regions,SWE,Sweden,TRUE,Annual data,Nominal,Total,Total,248.6666667,
01/01/2007,se11,Stockholm (SWE),Small regions,SWE,Sweden,TRUE,Annual data,Nominal,Total,Total,527.198364,
01/01/2007,se12,East Middle Sweden (SWE),Small regions,SWE,Sweden,TRUE,Annual data,Nominal,Total,Total,365.2466368,
01/01/2007,se21,Småland with Islands (SWE),Small regions,SWE,Sweden,TRUE,Annual data,Nominal,Total,Total,356.25,
01/01/2007,se22,South Sweden (SWE),Small regions,SWE,Sweden,TRUE,Annual data,Nominal,Total,Total,509.6412556,
01/01/2007,se23,West Sweden (SWE),Small regions,SWE,Sweden,TRUE,Annual data,Nominal,Total,Total,423.0125523,
01/01/2007,se31,North Middle Sweden (SWE),Small regions,SWE,Sweden,TRUE,Annual data,Nominal,Total,Total,286.2612613,
01/01/2007,se32,Central Norrland (SWE),Small regions,SWE,Sweden,TRUE,Annual data,Nominal,Total,Total,231.1546841,
01/01/2007,se33,Upper Norrland (SWE),Small regions,SWE,Sweden,TRUE,Annual data,Nominal,Total,Total,264.8888889,
01/01/2008,se11,Stockholm (SWE),Small regions,SWE,Sweden,TRUE,Annual data,Nominal,Total,Total,540.6952965,
01/01/2008,se12,East Middle Sweden (SWE),Small regions,SWE,Sweden,TRUE,Annual data,Nominal,Total,Total,379.1479821,
01/01/2008,se21,Småland with Islands (SWE),Small regions,SWE,Sweden,TRUE,Annual data,Nominal,Total,Total,373.8425926,
01/01/2008,se22,South Sweden (SWE),Small regions,SWE,Sweden,TRUE,Annual data,Nominal,Total,Total,512.7802691,
01/01/2008,se23,West Sweden (SWE),Small regions,SWE,Sweden,TRUE,Annual data,Nominal,Total,Total,439.539749,
01/01/2008,se31,North Middle Sweden (SWE),Small regions,SWE,Sweden,TRUE,Annual data,Nominal,Total,Total,300.9009009,
01/01/2008,se32,Central Norrland (SWE),Small regions,SWE,Sweden,TRUE,Annual data,Nominal,Total,Total,247.4945534,
01/01/2008,se33,Upper Norrland (SWE),Small regions,SWE,Sweden,TRUE,Annual data,Nominal,Total,Total,276.8888889,
01/01/2009,se11,Stockholm (SWE),Small regions,SWE,Sweden,TRUE,Annual data,Nominal,Total,Total,541.1042945,
01/01/2009,se12,East Middle Sweden (SWE),Small regions,SWE,Sweden,TRUE,Annual data,Nominal,Total,Total,390.5829596,
01/01/2009,se21,Småland with Islands (SWE),Small regions,SWE,Sweden,TRUE,Annual data,Nominal,Total,Total,386.5740741,
01/01/2009,se22,South Sweden (SWE),Small regions,SWE,Sweden,TRUE,Annual data,Nominal,Total,Total,521.7488789,
01/01/2009,se23,West Sweden (SWE),Small regions,SWE,Sweden,TRUE,Annual data,Nominal,Total,Total,445.8158996,
01/01/2009,se31,North Middle Sweden (SWE),Small regions,SWE,Sweden,TRUE,Annual data,Nominal,Total,Total,314.1891892,
01/01/2009,se32,Central Norrland (SWE),Small regions,SWE,Sweden,TRUE,Annual data,Nominal,Total,Total,252.2875817,
01/01/2009,se33,Upper Norrland (SWE),Small regions,SWE,Sweden,TRUE,Annual data,Nominal,Total,Total,279.7777778,
01/01/2010,se11,Stockholm (SWE),Small regions,SWE,Sweden,TRUE,Annual data,Nominal,Total,Total,596.9325153,
01/01/2010,se12,East Middle Sweden (SWE),Small regions,SWE,Sweden,TRUE,Annual data,Nominal,Total,Total,412.1076233,
01/01/2010,se21,Småland with Islands (SWE),Small regions,SWE,Sweden,TRUE,Annual data,Nominal,Total,Total,410.4166667,
01/01/2010,se22,South Sweden (SWE),Small regions,SWE,Sweden,TRUE,Annual data,Nominal,Total,Total,560.0896861,
01/01/2010,se23,West Sweden (SWE),Small regions,SWE,Sweden,TRUE,Annual data,Nominal,Total,Total,483.8912134,
01/01/2010,se31,North Middle Sweden (SWE),Small regions,SWE,Sweden,TRUE,Annual data,Nominal,Total,Total,328.6036036,
01/01/2010,se32,Central Norrland (SWE),Small regions,SWE,Sweden,TRUE,Annual data,Nominal,Total,Total,266.8845316,
01/01/2010,se33,Upper Norrland (SWE),Small regions,SWE,Sweden,TRUE,Annual data,Nominal,Total,Total,298.2222222,
01/01/2011,se11,Stockholm (SWE),Small regions,SWE,Sweden,TRUE,Annual data,Nominal,Total,Total,605.1124744,
01/01/2011,se12,East Middle Sweden (SWE),Small regions,SWE,Sweden,TRUE,Annual data,Nominal,Total,Total,413.4529148,
01/01/2011,se21,Småland with Islands (SWE),Small regions,SWE,Sweden,TRUE,Annual data,Nominal,Total,Total,408.1018519,
01/01/2011,se22,South Sweden (SWE),Small regions,SWE,Sweden,TRUE,Annual data,Nominal,Total,Total,554.7085202,
01/01/2011,se23,West Sweden (SWE),Small regions,SWE,Sweden,TRUE,Annual data,Nominal,Total,Total,492.2594142,
01/01/2011,se31,North Middle Sweden (SWE),Small regions,SWE,Sweden,TRUE,Annual data,Nominal,Total,Total,329.7297297,
01/01/2011,se32,Central Norrland (SWE),Small regions,SWE,Sweden,TRUE,Annual data,Nominal,Total,Total,270.8061002,
01/01/2011,se33,Upper Norrland (SWE),Small regions,SWE,Sweden,TRUE,Annual data,Nominal,Total,Total,304,
01/01/2012,se11,Stockholm (SWE),Small regions,SWE,Sweden,TRUE,Annual data,Nominal,Total,Total,601.0224949,
01/01/2012,se12,East Middle Sweden (SWE),Small regions,SWE,Sweden,TRUE,Annual data,Nominal,Total,Total,410.7623318,
01/01/2012,se21,Småland with Islands (SWE),Small regions,SWE,Sweden,TRUE,Annual data,Nominal,Total,Total,399.7685185,
01/01/2012,se22,South Sweden (SWE),Small regions,SWE,Sweden,TRUE,Annual data,Nominal,Total,Total,531.6143498,
01/01/2012,se23,West Sweden (SWE),Small regions,SWE,Sweden,TRUE,Annual data,Nominal,Total,Total,486.4016736,
01/01/2012,se31,North Middle Sweden (SWE),Small regions,SWE,Sweden,TRUE,Annual data,Nominal,Total,Total,329.0540541,
01/01/2012,se32,Central Norrland (SWE),Small regions,SWE,Sweden,TRUE,Annual data,Nominal,Total,Total,264.7058824,
01/01/2012,se33,Upper Norrland (SWE),Small regions,SWE,Sweden,TRUE,Annual data,Nominal,Total,Total,310.6666667,
01/01/2013,se11,Stockholm (SWE),Small regions,SWE,Sweden,TRUE,Annual data,Nominal,Total,Total,620.8588957,
01/01/2013,se12,East Middle Sweden (SWE),Small regions,SWE,Sweden,TRUE,Annual data,Nominal,Total,Total,425.3363229,
01/01/2013,se21,Småland with Islands (SWE),Small regions,SWE,Sweden,TRUE,Annual data,Nominal,Total,Total,407.8703704,
01/01/2013,se22,South Sweden (SWE),Small regions,SWE,Sweden,TRUE,Annual data,Nominal,Total,Total,542.6008969,
01/01/2013,se23,West Sweden (SWE),Small regions,SWE,Sweden,TRUE,Annual data,Nominal,Total,Total,503.7656904,
01/01/2013,se31,North Middle Sweden (SWE),Small regions,SWE,Sweden,TRUE,Annual data,Nominal,Total,Total,337.3873874,
01/01/2013,se32,Central Norrland (SWE),Small regions,SWE,Sweden,TRUE,Annual data,Nominal,Total,Total,278.6492375,
01/01/2013,se33,Upper Norrland (SWE),Small regions,SWE,Sweden,TRUE,Annual data,Nominal,Total,Total,328.6666667,
01/01/2014,se11,Stockholm (SWE),Small regions,SWE,Sweden,TRUE,Annual data,Nominal,Total,Total,691.4110429,
01/01/2014,se12,East Middle Sweden (SWE),Small regions,SWE,Sweden,TRUE,Annual data,Nominal,Total,Total,456.0538117,
01/01/2014,se21,Småland with Islands (SWE),Small regions,SWE,Sweden,TRUE,Annual data,Nominal,Total,Total,431.712963,
01/01/2014,se22,South Sweden (SWE),Small regions,SWE,Sweden,TRUE,Annual data,Nominal,Total,Total,563.9013453,
01/01/2014,se23,West Sweden (SWE),Small regions,SWE,Sweden,TRUE,Annual data,Nominal,Total,Total,532.2175732,
01/01/2014,se31,North Middle Sweden (SWE),Small regions,SWE,Sweden,TRUE,Annual data,Nominal,Total,Total,355.8558559,
01/01/2014,se32,Central Norrland (SWE),Small regions,SWE,Sweden,TRUE,Annual data,Nominal,Total,Total,288.671024,
01/01/2014,se33,Upper Norrland (SWE),Small regions,SWE,Sweden,TRUE,Annual data,Nominal,Total,Total,358.8888889,
01/01/2015,se11,Stockholm (SWE),Small regions,SWE,Sweden,TRUE,Annual data,Nominal,Total,Total,787.1165644,
01/01/2015,se12,East Middle Sweden (SWE),Small regions,SWE,Sweden,TRUE,Annual data,Nominal,Total,Total,506.7264574,
01/01/2015,se21,Småland with Islands (SWE),Small regions,SWE,Sweden,TRUE,Annual data,Nominal,Total,Total,467.1296296,
01/01/2015,se22,South Sweden (SWE),Small regions,SWE,Sweden,TRUE,Annual data,Nominal,Total,Total,603.1390135,
01/01/2015,se23,West Sweden (SWE),Small regions,SWE,Sweden,TRUE,Annual data,Nominal,Total,Total,586.4016736,
01/01/2015,se31,North Middle Sweden (SWE),Small regions,SWE,Sweden,TRUE,Annual data,Nominal,Total,Total,388.5135135,
01/01/2015,se32,Central Norrland (SWE),Small regions,SWE,Sweden,TRUE,Annual data,Nominal,Total,Total,319.3899782,
01/01/2015,se33,Upper Norrland (SWE),Small regions,SWE,Sweden,TRUE,Annual data,Nominal,Total,Total,406.4444444,
01/01/2016,se11,Stockholm (SWE),Small regions,SWE,Sweden,TRUE,Annual data,Nominal,Total,Total,856.4417178,
01/01/2016,se12,East Middle Sweden (SWE),Small regions,SWE,Sweden,TRUE,Annual data,Nominal,Total,Total,550.6726457,
01/01/2016,se21,Småland with Islands (SWE),Small regions,SWE,Sweden,TRUE,Annual data,Nominal,Total,Total,521.7592593,
01/01/2016,se22,South Sweden (SWE),Small regions,SWE,Sweden,TRUE,Annual data,Nominal,Total,Total,672.1973094,
01/01/2016,se23,West Sweden (SWE),Small regions,SWE,Sweden,TRUE,Annual data,Nominal,Total,Total,626.3598326,
01/01/2016,se31,North Middle Sweden (SWE),Small regions,SWE,Sweden,TRUE,Annual data,Nominal,Total,Total,422.2972973,
01/01/2016,se32,Central Norrland (SWE),Small regions,SWE,Sweden,TRUE,Annual data,Nominal,Total,Total,344.2265795,
01/01/2016,se33,Upper Norrland (SWE),Small regions,SWE,Sweden,TRUE,Annual data,Nominal,Total,Total,402.8888889,
01/01/2017,se11,Stockholm (SWE),Small regions,SWE,Sweden,TRUE,Annual data,Nominal,Total,Total,906.1349693,
01/01/2017,se12,East Middle Sweden (SWE),Small regions,SWE,Sweden,TRUE,Annual data,Nominal,Total,Total,597.0852018,
01/01/2017,se21,Småland with Islands (SWE),Small regions,SWE,Sweden,TRUE,Annual data,Nominal,Total,Total,573.1481481,
01/01/2017,se22,South Sweden (SWE),Small regions,SWE,Sweden,TRUE,Annual data,Nominal,Total,Total,732.5112108,
01/01/2017,se23,West Sweden (SWE),Small regions,SWE,Sweden,TRUE,Annual data,Nominal,Total,Total,690.167364,
01/01/2017,se31,North Middle Sweden (SWE),Small regions,SWE,Sweden,TRUE,Annual data,Nominal,Total,Total,461.9369369,
01/01/2017,se32,Central Norrland (SWE),Small regions,SWE,Sweden,TRUE,Annual data,Nominal,Total,Total,368.8453159,
01/01/2017,se33,Upper Norrland (SWE),Small regions,SWE,Sweden,TRUE,Annual data,Nominal,Total,Total,434.4444444,
01/01/2018,se11,Stockholm (SWE),Small regions,SWE,Sweden,TRUE,Annual data,Nominal,Total,Total,859.7137014,
01/01/2018,se12,East Middle Sweden (SWE),Small regions,SWE,Sweden,TRUE,Annual data,Nominal,Total,Total,604.2600897,
01/01/2018,se21,Småland with Islands (SWE),Small regions,SWE,Sweden,TRUE,Annual data,Nominal,Total,Total,596.0648148,
01/01/2018,se22,South Sweden (SWE),Small regions,SWE,Sweden,TRUE,Annual data,Nominal,Total,Total,760.5381166,
01/01/2018,se23,West Sweden (SWE),Small regions,SWE,Sweden,TRUE,Annual data,Nominal,Total,Total,696.4435146,
01/01/2018,se31,North Middle Sweden (SWE),Small regions,SWE,Sweden,TRUE,Annual data,Nominal,Total,Total,482.4324324,
01/01/2018,se32,Central Norrland (SWE),Small regions,SWE,Sweden,TRUE,Annual data,Nominal,Total,Total,383.0065359,
01/01/2018,se33,Upper Norrland (SWE),Small regions,SWE,Sweden,TRUE,Annual data,Nominal,Total,Total,442.8888889,
01/01/2019,se11,Stockholm (SWE),Small regions,SWE,Sweden,TRUE,Annual data,Nominal,Total,Total,853.3742331,
01/01/2019,se12,East Middle Sweden (SWE),Small regions,SWE,Sweden,TRUE,Annual data,Nominal,Total,Total,624.6636771,
01/01/2019,se21,Småland with Islands (SWE),Small regions,SWE,Sweden,TRUE,Annual data,Nominal,Total,Total,605.787037,
01/01/2019,se22,South Sweden (SWE),Small regions,SWE,Sweden,TRUE,Annual data,Nominal,Total,Total,792.8251121,
01/01/2019,se23,West Sweden (SWE),Small regions,SWE,Sweden,TRUE,Annual data,Nominal,Total,Total,717.7824268,
01/01/2019,se31,North Middle Sweden (SWE),Small regions,SWE,Sweden,TRUE,Annual data,Nominal,Total,Total,503.3783784,
01/01/2019,se32,Central Norrland (SWE),Small regions,SWE,Sweden,TRUE,Annual data,Nominal,Total,Total,385.1851852,
01/01/2019,se33,Upper Norrland (SWE),Small regions,SWE,Sweden,TRUE,Annual data,Nominal,Total,Total,449.3333333,
01/01/2020,se11,Stockholm (SWE),Small regions,SWE,Sweden,TRUE,Annual data,Nominal,Total,Total,915.3374233,
01/01/2020,se12,East Middle Sweden (SWE),Small regions,SWE,Sweden,TRUE,Annual data,Nominal,Total,Total,660.5381166,
01/01/2020,se21,Småland with Islands (SWE),Small regions,SWE,Sweden,TRUE,Annual data,Nominal,Total,Total,656.0185185,
01/01/2020,se22,South Sweden (SWE),Small regions,SWE,Sweden,TRUE,Annual data,Nominal,Total,Total,855.8295964,
01/01/2020,se23,West Sweden (SWE),Small regions,SWE,Sweden,TRUE,Annual data,Nominal,Total,Total,761.7154812,
01/01/2020,se31,North Middle Sweden (SWE),Small regions,SWE,Sweden,TRUE,Annual data,Nominal,Total,Total,525,
01/01/2020,se32,Central Norrland (SWE),Small regions,SWE,Sweden,TRUE,Annual data,Nominal,Total,Total,406.9716776,
01/01/2020,se33,Upper Norrland (SWE),Small regions,SWE,Sweden,TRUE,Annual data,Nominal,Total,Total,482.6666667,
01/01/2021,se11,Stockholm (SWE),Small regions,SWE,Sweden,TRUE,Annual data,Nominal,Total,Total,1084.04908,
01/01/2021,se12,East Middle Sweden (SWE),Small regions,SWE,Sweden,TRUE,Annual data,Nominal,Total,Total,776.2331839,
01/01/2021,se21,Småland with Islands (SWE),Small regions,SWE,Sweden,TRUE,Annual data,Nominal,Total,Total,743.9814815,
01/01/2021,se22,South Sweden (SWE),Small regions,SWE,Sweden,TRUE,Annual data,Nominal,Total,Total,1006.726457,
01/01/2021,se23,West Sweden (SWE),Small regions,SWE,Sweden,TRUE,Annual data,Nominal,Total,Total,873.8493724,
01/01/2021,se31,North Middle Sweden (SWE),Small regions,SWE,Sweden,TRUE,Annual data,Nominal,Total,Total,606.981982,
01/01/2021,se32,Central Norrland (SWE),Small regions,SWE,Sweden,TRUE,Annual data,Nominal,Total,Total,474.5098039,
01/01/2021,se33,Upper Norrland (SWE),Small regions,SWE,Sweden,TRUE,Annual data,Nominal,Total,Total,553.5555556,
01/01/2022,se11,Stockholm (SWE),Small regions,SWE,Sweden,TRUE,Annual data,Nominal,Total,Total,1128.629857,
01/01/2022,se12,East Middle Sweden (SWE),Small regions,SWE,Sweden,TRUE,Annual data,Nominal,Total,Total,809.6412556,
01/01/2022,se21,Småland with Islands (SWE),Small regions,SWE,Sweden,TRUE,Annual data,Nominal,Total,Total,788.4259259,
01/01/2022,se22,South Sweden (SWE),Small regions,SWE,Sweden,TRUE,Annual data,Nominal,Total,Total,1049.55157,
01/01/2022,se23,West Sweden (SWE),Small regions,SWE,Sweden,TRUE,Annual data,Nominal,Total,Total,916.1087866,
01/01/2022,se31,North Middle Sweden (SWE),Small regions,SWE,Sweden,TRUE,Annual data,Nominal,Total,Total,644.1441441,
01/01/2022,se32,Central Norrland (SWE),Small regions,SWE,Sweden,TRUE,Annual data,Nominal,Total,Total,505.0108932,
01/01/2022,se33,Upper Norrland (SWE),Small regions,SWE,Sweden,TRUE,Annual data,Nominal,Total,Total,610.6666667,
01/01/2023,se11,Stockholm (SWE),Small regions,SWE,Sweden,TRUE,Annual data,Nominal,Total,Total,1003.476483,
01/01/2023,se12,East Middle Sweden (SWE),Small regions,SWE,Sweden,TRUE,Annual data,Nominal,Total,Total,724.8878924,
01/01/2023,se21,Småland with Islands (SWE),Small regions,SWE,Sweden,TRUE,Annual data,Nominal,Total,Total,713.4259259,
01/01/2023,se22,South Sweden (SWE),Small regions,SWE,Sweden,TRUE,Annual data,Nominal,Total,Total,942.3766816,
01/01/2023,se23,West Sweden (SWE),Small regions,SWE,Sweden,TRUE,Annual data,Nominal,Total,Total,830.5439331,
01/01/2023,se31,North Middle Sweden (SWE),Small regions,SWE,Sweden,TRUE,Annual data,Nominal,Total,Total,600,
01/01/2023,se32,Central Norrland (SWE),Small regions,SWE,Sweden,TRUE,Annual data,Nominal,Total,Total,489.3246187,
01/01/2023,se33,Upper Norrland (SWE),Small regions,SWE,Sweden,TRUE,Annual data,Nominal,Total,Total,564.2222222,
01/01/2024,se11,Stockholm (SWE),Small regions,SWE,Sweden,TRUE,Annual data,Nominal,Total,Total,1000.204499,
01/01/2024,se12,East Middle Sweden (SWE),Small regions,SWE,Sweden,TRUE,Annual data,Nominal,Total,Total,717.4887892,
01/01/2024,se21,Småland with Islands (SWE),Small regions,SWE,Sweden,TRUE,Annual data,Nominal,Total,Total,721.5277778,
01/01/2024,se22,South Sweden (SWE),Small regions,SWE,Sweden,TRUE,Annual data,Nominal,Total,Total,951.5695067,
01/01/2024,se23,West Sweden (SWE),Small regions,SWE,Sweden,TRUE,Annual data,Nominal,Total,Total,836.1924686,
01/01/2024,se31,North Middle Sweden (SWE),Small regions,SWE,Sweden,TRUE,Annual data,Nominal,Total,Total,600.2252252,
01/01/2024,se32,Central Norrland (SWE),Small regions,SWE,Sweden,TRUE,Annual data,Nominal,Total,Total,486.4923747,
01/01/2024,se33,Upper Norrland (SWE),Small regions,SWE,Sweden,TRUE,Annual data,Nominal,Total,Total,577.3333333,
01/01/1986,se001m,Stockholm (agglomeration) - Stockholm,Cities,SWE,Sweden,TRUE,Annual data,Nominal,Total,Total,100,
01/01/1986,se002m,Gothenburg (agglomeration) - West Sweden,Cities,SWE,Sweden,TRUE,Annual data,Nominal,Total,Total,100,
01/01/1986,se003m,Malmo (agglomeration) - South Sweden,Cities,SWE,Sweden,TRUE,Annual data,Nominal,Total,Total,100,
01/01/1987,se001m,Stockholm (agglomeration) - Stockholm,Cities,SWE,Sweden,TRUE,Annual data,Nominal,Total,Total,120.7392197,
01/01/1987,se002m,Gothenburg (agglomeration) - West Sweden,Cities,SWE,Sweden,TRUE,Annual data,Nominal,Total,Total,115.0980392,
01/01/1987,se003m,Malmo (agglomeration) - South Sweden,Cities,SWE,Sweden,TRUE,Annual data,Nominal,Total,Total,112.5,
01/01/1988,se001m,Stockholm (agglomeration) - Stockholm,Cities,SWE,Sweden,TRUE,Annual data,Nominal,Total,Total,154.4147844,
01/01/1988,se002m,Gothenburg (agglomeration) - West Sweden,Cities,SWE,Sweden,TRUE,Annual data,Nominal,Total,Total,141.9607843,
01/01/1988,se003m,Malmo (agglomeration) - South Sweden,Cities,SWE,Sweden,TRUE,Annual data,Nominal,Total,Total,138.8157895,
01/01/1989,se001m,Stockholm (agglomeration) - Stockholm,Cities,SWE,Sweden,TRUE,Annual data,Nominal,Total,Total,184.1889117,
01/01/1989,se002m,Gothenburg (agglomeration) - West Sweden,Cities,SWE,Sweden,TRUE,Annual data,Nominal,Total,Total,170.1960784,
01/01/1989,se003m,Malmo (agglomeration) - South Sweden,Cities,SWE,Sweden,TRUE,Annual data,Nominal,Total,Total,171.2719298,
01/01/1990,se001m,Stockholm (agglomeration) - Stockholm,Cities,SWE,Sweden,TRUE,Annual data,Nominal,Total,Total,203.6960986,
01/01/1990,se002m,Gothenburg (agglomeration) - West Sweden,Cities,SWE,Sweden,TRUE,Annual data,Nominal,Total,Total,190.3921569,
01/01/1990,se003m,Malmo (agglomeration) - South Sweden,Cities,SWE,Sweden,TRUE,Annual data,Nominal,Total,Total,202.1929825,
01/01/1991,se001m,Stockholm (agglomeration) - Stockholm,Cities,SWE,Sweden,TRUE,Annual data,Nominal,Total,Total,208.0082136,
01/01/1991,se002m,Gothenburg (agglomeration) - West Sweden,Cities,SWE,Sweden,TRUE,Annual data,Nominal,Total,Total,198.0392157,
01/01/1991,se003m,Malmo (agglomeration) - South Sweden,Cities,SWE,Sweden,TRUE,Annual data,Nominal,Total,Total,226.0964912,
01/01/1992,se001m,Stockholm (agglomeration) - Stockholm,Cities,SWE,Sweden,TRUE,Annual data,Nominal,Total,Total,176.7967146,
01/01/1992,se002m,Gothenburg (agglomeration) - West Sweden,Cities,SWE,Sweden,TRUE,Annual data,Nominal,Total,Total,170.9803922,
01/01/1992,se003m,Malmo (agglomeration) - South Sweden,Cities,SWE,Sweden,TRUE,Annual data,Nominal,Total,Total,201.754386,
01/01/1993,se001m,Stockholm (agglomeration) - Stockholm,Cities,SWE,Sweden,TRUE,Annual data,Nominal,Total,Total,151.1293634,
01/01/1993,se002m,Gothenburg (agglomeration) - West Sweden,Cities,SWE,Sweden,TRUE,Annual data,Nominal,Total,Total,148.627451,
01/01/1993,se003m,Malmo (agglomeration) - South Sweden,Cities,SWE,Sweden,TRUE,Annual data,Nominal,Total,Total,173.245614,
01/01/1994,se001m,Stockholm (agglomeration) - Stockholm,Cities,SWE,Sweden,TRUE,Annual data,Nominal,Total,Total,165.9137577,
01/01/1994,se002m,Gothenburg (agglomeration) - West Sweden,Cities,SWE,Sweden,TRUE,Annual data,Nominal,Total,Total,156.0784314,
01/01/1994,se003m,Malmo (agglomeration) - South Sweden,Cities,SWE,Sweden,TRUE,Annual data,Nominal,Total,Total,182.4561404,
01/01/1995,se001m,Stockholm (agglomeration) - Stockholm,Cities,SWE,Sweden,TRUE,Annual data,Nominal,Total,Total,168.788501,
01/01/1995,se002m,Gothenburg (agglomeration) - West Sweden,Cities,SWE,Sweden,TRUE,Annual data,Nominal,Total,Total,156.8627451,
01/01/1995,se003m,Malmo (agglomeration) - South Sweden,Cities,SWE,Sweden,TRUE,Annual data,Nominal,Total,Total,183.9912281,
01/01/1996,se001m,Stockholm (agglomeration) - Stockholm,Cities,SWE,Sweden,TRUE,Annual data,Nominal,Total,Total,169.6098563,
01/01/1996,se002m,Gothenburg (agglomeration) - West Sweden,Cities,SWE,Sweden,TRUE,Annual data,Nominal,Total,Total,157.4509804,
01/01/1996,se003m,Malmo (agglomeration) - South Sweden,Cities,SWE,Sweden,TRUE,Annual data,Nominal,Total,Total,185.745614,
01/01/1997,se001m,Stockholm (agglomeration) - Stockholm,Cities,SWE,Sweden,TRUE,Annual data,Nominal,Total,Total,190.7597536,
01/01/1997,se002m,Gothenburg (agglomeration) - West Sweden,Cities,SWE,Sweden,TRUE,Annual data,Nominal,Total,Total,171.9607843,
01/01/1997,se003m,Malmo (agglomeration) - South Sweden,Cities,SWE,Sweden,TRUE,Annual data,Nominal,Total,Total,201.754386,
01/01/1998,se001m,Stockholm (agglomeration) - Stockholm,Cities,SWE,Sweden,TRUE,Annual data,Nominal,Total,Total,219.9178645,
01/01/1998,se002m,Gothenburg (agglomeration) - West Sweden,Cities,SWE,Sweden,TRUE,Annual data,Nominal,Total,Total,194.7058824,
01/01/1998,se003m,Malmo (agglomeration) - South Sweden,Cities,SWE,Sweden,TRUE,Annual data,Nominal,Total,Total,228.2894737,
01/01/1999,se001m,Stockholm (agglomeration) - Stockholm,Cities,SWE,Sweden,TRUE,Annual data,Nominal,Total,Total,252.1560575,
01/01/1999,se002m,Gothenburg (agglomeration) - West Sweden,Cities,SWE,Sweden,TRUE,Annual data,Nominal,Total,Total,213.5294118,
01/01/1999,se003m,Malmo (agglomeration) - South Sweden,Cities,SWE,Sweden,TRUE,Annual data,Nominal,Total,Total,263.8157895,
01/01/2000,se001m,Stockholm (agglomeration) - Stockholm,Cities,SWE,Sweden,TRUE,Annual data,Nominal,Total,Total,306.3655031,
01/01/2000,se002m,Gothenburg (agglomeration) - West Sweden,Cities,SWE,Sweden,TRUE,Annual data,Nominal,Total,Total,239.2156863,
01/01/2000,se003m,Malmo (agglomeration) - South Sweden,Cities,SWE,Sweden,TRUE,Annual data,Nominal,Total,Total,303.7280702,
01/01/2001,se001m,Stockholm (agglomeration) - Stockholm,Cities,SWE,Sweden,TRUE,Annual data,Nominal,Total,Total,337.9876797,
01/01/2001,se002m,Gothenburg (agglomeration) - West Sweden,Cities,SWE,Sweden,TRUE,Annual data,Nominal,Total,Total,257.6470588,
01/01/2001,se003m,Malmo (agglomeration) - South Sweden,Cities,SWE,Sweden,TRUE,Annual data,Nominal,Total,Total,328.2894737,
01/01/2002,se001m,Stockholm (agglomeration) - Stockholm,Cities,SWE,Sweden,TRUE,Annual data,Nominal,Total,Total,355.2361396,
01/01/2002,se002m,Gothenburg (agglomeration) - West Sweden,Cities,SWE,Sweden,TRUE,Annual data,Nominal,Total,Total,275.0980392,
01/01/2002,se003m,Malmo (agglomeration) - South Sweden,Cities,SWE,Sweden,TRUE,Annual data,Nominal,Total,Total,353.0701754,
01/01/2003,se001m,Stockholm (agglomeration) - Stockholm,Cities,SWE,Sweden,TRUE,Annual data,Nominal,Total,Total,363.2443532,
01/01/2003,se002m,Gothenburg (agglomeration) - West Sweden,Cities,SWE,Sweden,TRUE,Annual data,Nominal,Total,Total,308.2352941,
01/01/2003,se003m,Malmo (agglomeration) - South Sweden,Cities,SWE,Sweden,TRUE,Annual data,Nominal,Total,Total,389.254386,
01/01/2004,se001m,Stockholm (agglomeration) - Stockholm,Cities,SWE,Sweden,TRUE,Annual data,Nominal,Total,Total,388.7063655,
01/01/2004,se002m,Gothenburg (agglomeration) - West Sweden,Cities,SWE,Sweden,TRUE,Annual data,Nominal,Total,Total,348.0392157,
01/01/2004,se003m,Malmo (agglomeration) - South Sweden,Cities,SWE,Sweden,TRUE,Annual data,Nominal,Total,Total,439.4736842,
01/01/2005,se001m,Stockholm (agglomeration) - Stockholm,Cities,SWE,Sweden,TRUE,Annual data,Nominal,Total,Total,416.8377823,
01/01/2005,se002m,Gothenburg (agglomeration) - West Sweden,Cities,SWE,Sweden,TRUE,Annual data,Nominal,Total,Total,384.3137255,
01/01/2005,se003m,Malmo (agglomeration) - South Sweden,Cities,SWE,Sweden,TRUE,Annual data,Nominal,Total,Total,486.1842105,
01/01/2006,se001m,Stockholm (agglomeration) - Stockholm,Cities,SWE,Sweden,TRUE,Annual data,Nominal,Total,Total,469.8151951,
01/01/2006,se002m,Gothenburg (agglomeration) - West Sweden,Cities,SWE,Sweden,TRUE,Annual data,Nominal,Total,Total,435.6862745,
01/01/2006,se003m,Malmo (agglomeration) - South Sweden,Cities,SWE,Sweden,TRUE,Annual data,Nominal,Total,Total,564.6929825,
01/01/2007,se001m,Stockholm (agglomeration) - Stockholm,Cities,SWE,Sweden,TRUE,Annual data,Nominal,Total,Total,536.9609856,
01/01/2007,se002m,Gothenburg (agglomeration) - West Sweden,Cities,SWE,Sweden,TRUE,Annual data,Nominal,Total,Total,473.7254902,
01/01/2007,se003m,Malmo (agglomeration) - South Sweden,Cities,SWE,Sweden,TRUE,Annual data,Nominal,Total,Total,626.5350877,
01/01/2008,se001m,Stockholm (agglomeration) - Stockholm,Cities,SWE,Sweden,TRUE,Annual data,Nominal,Total,Total,550.9240246,
01/01/2008,se002m,Gothenburg (agglomeration) - West Sweden,Cities,SWE,Sweden,TRUE,Annual data,Nominal,Total,Total,491.5686275,
01/01/2008,se003m,Malmo (agglomeration) - South Sweden,Cities,SWE,Sweden,TRUE,Annual data,Nominal,Total,Total,620.1754386,
01/01/2009,se001m,Stockholm (agglomeration) - Stockholm,Cities,SWE,Sweden,TRUE,Annual data,Nominal,Total,Total,551.3347023,
01/01/2009,se002m,Gothenburg (agglomeration) - West Sweden,Cities,SWE,Sweden,TRUE,Annual data,Nominal,Total,Total,497.254902,
01/01/2009,se003m,Malmo (agglomeration) - South Sweden,Cities,SWE,Sweden,TRUE,Annual data,Nominal,Total,Total,624.7807018,
01/01/2010,se001m,Stockholm (agglomeration) - Stockholm,Cities,SWE,Sweden,TRUE,Annual data,Nominal,Total,Total,608.2135524,
01/01/2010,se002m,Gothenburg (agglomeration) - West Sweden,Cities,SWE,Sweden,TRUE,Annual data,Nominal,Total,Total,539.8039216,
01/01/2010,se003m,Malmo (agglomeration) - South Sweden,Cities,SWE,Sweden,TRUE,Annual data,Nominal,Total,Total,679.6052632,
01/01/2011,se001m,Stockholm (agglomeration) - Stockholm,Cities,SWE,Sweden,TRUE,Annual data,Nominal,Total,Total,616.8377823,
01/01/2011,se002m,Gothenburg (agglomeration) - West Sweden,Cities,SWE,Sweden,TRUE,Annual data,Nominal,Total,Total,555.8823529,
01/01/2011,se003m,Malmo (agglomeration) - South Sweden,Cities,SWE,Sweden,TRUE,Annual data,Nominal,Total,Total,675.6578947,
01/01/2012,se001m,Stockholm (agglomeration) - Stockholm,Cities,SWE,Sweden,TRUE,Annual data,Nominal,Total,Total,612.3203285,
01/01/2012,se002m,Gothenburg (agglomeration) - West Sweden,Cities,SWE,Sweden,TRUE,Annual data,Nominal,Total,Total,552.5490196,
01/01/2012,se003m,Malmo (agglomeration) - South Sweden,Cities,SWE,Sweden,TRUE,Annual data,Nominal,Total,Total,642.5438596,
01/01/2013,se001m,Stockholm (agglomeration) - Stockholm,Cities,SWE,Sweden,TRUE,Annual data,Nominal,Total,Total,632.6488706,
01/01/2013,se002m,Gothenburg (agglomeration) - West Sweden,Cities,SWE,Sweden,TRUE,Annual data,Nominal,Total,Total,575.8823529,
01/01/2013,se003m,Malmo (agglomeration) - South Sweden,Cities,SWE,Sweden,TRUE,Annual data,Nominal,Total,Total,653.2894737,
01/01/2014,se001m,Stockholm (agglomeration) - Stockholm,Cities,SWE,Sweden,TRUE,Annual data,Nominal,Total,Total,704.5174538,
01/01/2014,se002m,Gothenburg (agglomeration) - West Sweden,Cities,SWE,Sweden,TRUE,Annual data,Nominal,Total,Total,612.5490196,
01/01/2014,se003m,Malmo (agglomeration) - South Sweden,Cities,SWE,Sweden,TRUE,Annual data,Nominal,Total,Total,679.8245614,
01/01/2015,se001m,Stockholm (agglomeration) - Stockholm,Cities,SWE,Sweden,TRUE,Annual data,Nominal,Total,Total,802.0533881,
01/01/2015,se002m,Gothenburg (agglomeration) - West Sweden,Cities,SWE,Sweden,TRUE,Annual data,Nominal,Total,Total,685.0980392,
01/01/2015,se003m,Malmo (agglomeration) - South Sweden,Cities,SWE,Sweden,TRUE,Annual data,Nominal,Total,Total,741.8859649,
01/01/2016,se001m,Stockholm (agglomeration) - Stockholm,Cities,SWE,Sweden,TRUE,Annual data,Nominal,Total,Total,872.8952772,
01/01/2016,se002m,Gothenburg (agglomeration) - West Sweden,Cities,SWE,Sweden,TRUE,Annual data,Nominal,Total,Total,722.3529412,
01/01/2016,se003m,Malmo (agglomeration) - South Sweden,Cities,SWE,Sweden,TRUE,Annual data,Nominal,Total,Total,838.1578947,
01/01/2017,se001m,Stockholm (agglomeration) - Stockholm,Cities,SWE,Sweden,TRUE,Annual data,Nominal,Total,Total,923.613963,
01/01/2017,se002m,Gothenburg (agglomeration) - West Sweden,Cities,SWE,Sweden,TRUE,Annual data,Nominal,Total,Total,800.9803922,
01/01/2017,se003m,Malmo (agglomeration) - South Sweden,Cities,SWE,Sweden,TRUE,Annual data,Nominal,Total,Total,919.9561404,
01/01/2018,se001m,Stockholm (agglomeration) - Stockholm,Cities,SWE,Sweden,TRUE,Annual data,Nominal,Total,Total,876.386037,
01/01/2018,se002m,Gothenburg (agglomeration) - West Sweden,Cities,SWE,Sweden,TRUE,Annual data,Nominal,Total,Total,795.2941176,
01/01/2018,se003m,Malmo (agglomeration) - South Sweden,Cities,SWE,Sweden,TRUE,Annual data,Nominal,Total,Total,949.7807018,
01/01/2019,se001m,Stockholm (agglomeration) - Stockholm,Cities,SWE,Sweden,TRUE,Annual data,Nominal,Total,Total,869.8151951,
01/01/2019,se002m,Gothenburg (agglomeration) - West Sweden,Cities,SWE,Sweden,TRUE,Annual data,Nominal,Total,Total,827.0588235,
01/01/2019,se003m,Malmo (agglomeration) - South Sweden,Cities,SWE,Sweden,TRUE,Annual data,Nominal,Total,Total,986.4035088,
01/01/2020,se001m,Stockholm (agglomeration) - Stockholm,Cities,SWE,Sweden,TRUE,Annual data,Nominal,Total,Total,932.4435318,
01/01/2020,se002m,Gothenburg (agglomeration) - West Sweden,Cities,SWE,Sweden,TRUE,Annual data,Nominal,Total,Total,860.1960784,
01/01/2020,se003m,Malmo (agglomeration) - South Sweden,Cities,SWE,Sweden,TRUE,Annual data,Nominal,Total,Total,1070.614035,
01/01/2021,se001m,Stockholm (agglomeration) - Stockholm,Cities,SWE,Sweden,TRUE,Annual data,Nominal,Total,Total,1104.517454,
01/01/2021,se002m,Gothenburg (agglomeration) - West Sweden,Cities,SWE,Sweden,TRUE,Annual data,Nominal,Total,Total,993.3333333,
01/01/2021,se003m,Malmo (agglomeration) - South Sweden,Cities,SWE,Sweden,TRUE,Annual data,Nominal,Total,Total,1269.517544,
01/01/2022,se001m,Stockholm (agglomeration) - Stockholm,Cities,SWE,Sweden,TRUE,Annual data,Nominal,Total,Total,1149.897331,
01/01/2022,se002m,Gothenburg (agglomeration) - West Sweden,Cities,SWE,Sweden,TRUE,Annual data,Nominal,Total,Total,1047.843137,
01/01/2022,se003m,Malmo (agglomeration) - South Sweden,Cities,SWE,Sweden,TRUE,Annual data,Nominal,Total,Total,1316.447368,
01/01/2023,se001m,Stockholm (agglomeration) - Stockholm,Cities,SWE,Sweden,TRUE,Annual data,Nominal,Total,Total,1022.38193,
01/01/2023,se002m,Gothenburg (agglomeration) - West Sweden,Cities,SWE,Sweden,TRUE,Annual data,Nominal,Total,Total,979.0196078,
01/01/2023,se003m,Malmo (agglomeration) - South Sweden,Cities,SWE,Sweden,TRUE,Annual data,Nominal,Total,Total,1150.657895,
01/01/2024,se001m,Stockholm (agglomeration) - Stockholm,Cities,SWE,Sweden,TRUE,Annual data,Nominal,Total,Total,1019.301848,
01/01/2024,se002m,Gothenburg (agglomeration) - West Sweden,Cities,SWE,Sweden,TRUE,Annual data,Nominal,Total,Total,973.3333333,
01/01/2024,se003m,Malmo (agglomeration) - South Sweden,Cities,SWE,Sweden,TRUE,Annual data,Nominal,Total,Total,1183.991228,
