"municipality","indicator","year","value","NUTS 3 CODE 2021","NUTS 3 CODE 2016","LAU CODE","county"
"alutaguse vald","avg_wage","2021",1547,"EE00A","EE007",130,"Ida-Viru county"
"alutaguse vald","avg_wage","2022",1701,"EE00A","EE007",130,"Ida-Viru county"
"alutaguse vald","avg_wage","2023",1884,"EE00A","EE007",130,"Ida-Viru county"
"alutaguse vald","avg_wage","2024",1988,"EE00A","EE007",130,"Ida-Viru county"
"alutaguse vald","employees","2021",2188,"EE00A","EE007",130,"Ida-Viru county"
"alutaguse vald","employees","2022",2416,"EE00A","EE007",130,"Ida-Viru county"
"alutaguse vald","employees","2023",2537,"EE00A","EE007",130,"Ida-Viru county"
"alutaguse vald","employees","2024",2257,"EE00A","EE007",130,"Ida-Viru county"
"alutaguse vald","median_wage","2021",1362,"EE00A","EE007",130,"Ida-Viru county"
"alutaguse vald","median_wage","2022",1490,"EE00A","EE007",130,"Ida-Viru county"
"alutaguse vald","median_wage","2023",1686,"EE00A","EE007",130,"Ida-Viru county"
"alutaguse vald","median_wage","2024",1790,"EE00A","EE007",130,"Ida-Viru county"
"alutaguse vald","%change","2021",NA,"EE00A","EE007",130,"Ida-Viru county"
"alutaguse vald","%change","2022",9.9,"EE00A","EE007",130,"Ida-Viru county"
"alutaguse vald","%change","2023",10.8,"EE00A","EE007",130,"Ida-Viru county"
"alutaguse vald","%change","2024",5.5,"EE00A","EE007",130,"Ida-Viru county"
"anija vald","avg_wage","2021",1246,"EE001","EE001",141,"Harju county"
"anija vald","avg_wage","2022",1397,"EE001","EE001",141,"Harju county"
"anija vald","avg_wage","2023",1446,"EE001","EE001",141,"Harju county"
"anija vald","avg_wage","2024",1584,"EE001","EE001",141,"Harju county"
"anija vald","employees","2021",1658,"EE001","EE001",141,"Harju county"
"anija vald","employees","2022",1648,"EE001","EE001",141,"Harju county"
"anija vald","employees","2023",1602,"EE001","EE001",141,"Harju county"
"anija vald","employees","2024",1580,"EE001","EE001",141,"Harju county"
"anija vald","median_wage","2021",1107,"EE001","EE001",141,"Harju county"
"anija vald","median_wage","2022",1230,"EE001","EE001",141,"Harju county"
"anija vald","median_wage","2023",1281,"EE001","EE001",141,"Harju county"
"anija vald","median_wage","2024",1386,"EE001","EE001",141,"Harju county"
"anija vald","%change","2021",NA,"EE001","EE001",141,"Harju county"
"anija vald","%change","2022",12.1,"EE001","EE001",141,"Harju county"
"anija vald","%change","2023",3.6,"EE001","EE001",141,"Harju county"
"anija vald","%change","2024",9.5,"EE001","EE001",141,"Harju county"
"antsla vald","avg_wage","2021",NA,"EE008","EE008",142,"Võru county"
"antsla vald","avg_wage","2022",NA,"EE008","EE008",142,"Võru county"
"antsla vald","avg_wage","2023",NA,"EE008","EE008",142,"Võru county"
"antsla vald","avg_wage","2024",1355,"EE008","EE008",142,"Võru county"
"antsla vald","employees","2021",NA,"EE008","EE008",142,"Võru county"
"antsla vald","employees","2022",NA,"EE008","EE008",142,"Võru county"
"antsla vald","employees","2023",NA,"EE008","EE008",142,"Võru county"
"antsla vald","employees","2024",1022,"EE008","EE008",142,"Võru county"
"antsla vald","median_wage","2021",NA,"EE008","EE008",142,"Võru county"
"antsla vald","median_wage","2022",NA,"EE008","EE008",142,"Võru county"
"antsla vald","median_wage","2023",NA,"EE008","EE008",142,"Võru county"
"antsla vald","median_wage","2024",1155,"EE008","EE008",142,"Võru county"
"antsla vald","%change","2021",NA,"EE008","EE008",142,"Võru county"
"antsla vald","%change","2022",NA,"EE008","EE008",142,"Võru county"
"antsla vald","%change","2023",NA,"EE008","EE008",142,"Võru county"
"antsla vald","%change","2024",NA,"EE008","EE008",142,"Võru county"
"antsla vald, until 2023","avg_wage","2021",1079,NA,NA,NA,NA
"antsla vald, until 2023","avg_wage","2022",1163,NA,NA,NA,NA
"antsla vald, until 2023","avg_wage","2023",1275,NA,NA,NA,NA
"antsla vald, until 2023","avg_wage","2024",NA,NA,NA,NA,NA
"antsla vald, until 2023","employees","2021",1064,NA,NA,NA,NA
"antsla vald, until 2023","employees","2022",1097,NA,NA,NA,NA
"antsla vald, until 2023","employees","2023",1041,NA,NA,NA,NA
"antsla vald, until 2023","employees","2024",NA,NA,NA,NA,NA
"antsla vald, until 2023","median_wage","2021",900,NA,NA,NA,NA
"antsla vald, until 2023","median_wage","2022",1000,NA,NA,NA,NA
"antsla vald, until 2023","median_wage","2023",1100,NA,NA,NA,NA
"antsla vald, until 2023","median_wage","2024",NA,NA,NA,NA,NA
"antsla vald, until 2023","%change","2021",NA,NA,NA,NA,NA
"antsla vald, until 2023","%change","2022",7.7,NA,NA,NA,NA
"antsla vald, until 2023","%change","2023",9.6,NA,NA,NA,NA
"antsla vald, until 2023","%change","2024",NA,NA,NA,NA,NA
"elva vald","avg_wage","2021",1224,"EE008","EE008",171,"Tartu county"
"elva vald","avg_wage","2022",1343,"EE008","EE008",171,"Tartu county"
"elva vald","avg_wage","2023",1493,"EE008","EE008",171,"Tartu county"
"elva vald","avg_wage","2024",1619,"EE008","EE008",171,"Tartu county"
"elva vald","employees","2021",4958,"EE008","EE008",171,"Tartu county"
"elva vald","employees","2022",5055,"EE008","EE008",171,"Tartu county"
"elva vald","employees","2023",5145,"EE008","EE008",171,"Tartu county"
"elva vald","employees","2024",5038,"EE008","EE008",171,"Tartu county"
"elva vald","median_wage","2021",1100,"EE008","EE008",171,"Tartu county"
"elva vald","median_wage","2022",1198,"EE008","EE008",171,"Tartu county"
"elva vald","median_wage","2023",1335,"EE008","EE008",171,"Tartu county"
"elva vald","median_wage","2024",1444,"EE008","EE008",171,"Tartu county"
"elva vald","%change","2021",NA,"EE008","EE008",171,"Tartu county"
"elva vald","%change","2022",9.8,"EE008","EE008",171,"Tartu county"
"elva vald","%change","2023",11.2,"EE008","EE008",171,"Tartu county"
"elva vald","%change","2024",8.4,"EE008","EE008",171,"Tartu county"
"haapsalu linn","avg_wage","2021",1197,"EE004","EE004",184,"Lääne county"
"haapsalu linn","avg_wage","2022",1314,"EE004","EE004",184,"Lääne county"
"haapsalu linn","avg_wage","2023",1447,"EE004","EE004",184,"Lääne county"
"haapsalu linn","avg_wage","2024",1543,"EE004","EE004",184,"Lääne county"
"haapsalu linn","employees","2021",5354,"EE004","EE004",184,"Lääne county"
"haapsalu linn","employees","2022",5408,"EE004","EE004",184,"Lääne county"
"haapsalu linn","employees","2023",5317,"EE004","EE004",184,"Lääne county"
"haapsalu linn","employees","2024",5263,"EE004","EE004",184,"Lääne county"
"haapsalu linn","median_wage","2021",1054,"EE004","EE004",184,"Lääne county"
"haapsalu linn","median_wage","2022",1167,"EE004","EE004",184,"Lääne county"
"haapsalu linn","median_wage","2023",1279,"EE004","EE004",184,"Lääne county"
"haapsalu linn","median_wage","2024",1353,"EE004","EE004",184,"Lääne county"
"haapsalu linn","%change","2021",NA,"EE004","EE004",184,"Lääne county"
"haapsalu linn","%change","2022",9.8,"EE004","EE004",184,"Lääne county"
"haapsalu linn","%change","2023",10.1,"EE004","EE004",184,"Lääne county"
"haapsalu linn","%change","2024",6.6,"EE004","EE004",184,"Lääne county"
"haljala vald","avg_wage","2021",1247,"EE009","EE006",191,"Lääne-Viru county"
"haljala vald","avg_wage","2022",1348,"EE009","EE006",191,"Lääne-Viru county"
"haljala vald","avg_wage","2023",1492,"EE009","EE006",191,"Lääne-Viru county"
"haljala vald","avg_wage","2024",1553,"EE009","EE006",191,"Lääne-Viru county"
"haljala vald","employees","2021",1429,"EE009","EE006",191,"Lääne-Viru county"
"haljala vald","employees","2022",1467,"EE009","EE006",191,"Lääne-Viru county"
"haljala vald","employees","2023",1449,"EE009","EE006",191,"Lääne-Viru county"
"haljala vald","employees","2024",1372,"EE009","EE006",191,"Lääne-Viru county"
"haljala vald","median_wage","2021",1100,"EE009","EE006",191,"Lääne-Viru county"
"haljala vald","median_wage","2022",1203,"EE009","EE006",191,"Lääne-Viru county"
"haljala vald","median_wage","2023",1333,"EE009","EE006",191,"Lääne-Viru county"
"haljala vald","median_wage","2024",1372,"EE009","EE006",191,"Lääne-Viru county"
"haljala vald","%change","2021",NA,"EE009","EE006",191,"Lääne-Viru county"
"haljala vald","%change","2022",8.1,"EE009","EE006",191,"Lääne-Viru county"
"haljala vald","%change","2023",10.7,"EE009","EE006",191,"Lääne-Viru county"
"haljala vald","%change","2024",4.1,"EE009","EE006",191,"Lääne-Viru county"
"harku vald","avg_wage","2021",1381,"EE001","EE001",198,"Harju county"
"harku vald","avg_wage","2022",1515,"EE001","EE001",198,"Harju county"
"harku vald","avg_wage","2023",1635,"EE001","EE001",198,"Harju county"
"harku vald","avg_wage","2024",1733,"EE001","EE001",198,"Harju county"
"harku vald","employees","2021",5305,"EE001","EE001",198,"Harju county"
"harku vald","employees","2022",5500,"EE001","EE001",198,"Harju county"
"harku vald","employees","2023",5416,"EE001","EE001",198,"Harju county"
"harku vald","employees","2024",5425,"EE001","EE001",198,"Harju county"
"harku vald","median_wage","2021",1215,"EE001","EE001",198,"Harju county"
"harku vald","median_wage","2022",1352,"EE001","EE001",198,"Harju county"
"harku vald","median_wage","2023",1450,"EE001","EE001",198,"Harju county"
"harku vald","median_wage","2024",1544,"EE001","EE001",198,"Harju county"
"harku vald","%change","2021",NA,"EE001","EE001",198,"Harju county"
"harku vald","%change","2022",9.7,"EE001","EE001",198,"Harju county"
"harku vald","%change","2023",7.9,"EE001","EE001",198,"Harju county"
"harku vald","%change","2024",6,"EE001","EE001",198,"Harju county"
"hiiumaa vald","avg_wage","2021",1154,"EE004","EE004",205,"Hiiu county"
"hiiumaa vald","avg_wage","2022",1259,"EE004","EE004",205,"Hiiu county"
"hiiumaa vald","avg_wage","2023",1398,"EE004","EE004",205,"Hiiu county"
"hiiumaa vald","avg_wage","2024",1537,"EE004","EE004",205,"Hiiu county"
"hiiumaa vald","employees","2021",2937,"EE004","EE004",205,"Hiiu county"
"hiiumaa vald","employees","2022",2965,"EE004","EE004",205,"Hiiu county"
"hiiumaa vald","employees","2023",2894,"EE004","EE004",205,"Hiiu county"
"hiiumaa vald","employees","2024",2848,"EE004","EE004",205,"Hiiu county"
"hiiumaa vald","median_wage","2021",1005,"EE004","EE004",205,"Hiiu county"
"hiiumaa vald","median_wage","2022",1128,"EE004","EE004",205,"Hiiu county"
"hiiumaa vald","median_wage","2023",1253,"EE004","EE004",205,"Hiiu county"
"hiiumaa vald","median_wage","2024",1373,"EE004","EE004",205,"Hiiu county"
"hiiumaa vald","%change","2021",NA,"EE004","EE004",205,"Hiiu county"
"hiiumaa vald","%change","2022",9.1,"EE004","EE004",205,"Hiiu county"
"hiiumaa vald","%change","2023",11,"EE004","EE004",205,"Hiiu county"
"hiiumaa vald","%change","2024",9.9,"EE004","EE004",205,"Hiiu county"
"häädemeeste vald","avg_wage","2021",1043,"EE004","EE004",214,"Pärnu county"
"häädemeeste vald","avg_wage","2022",1178,"EE004","EE004",214,"Pärnu county"
"häädemeeste vald","avg_wage","2023",1345,"EE004","EE004",214,"Pärnu county"
"häädemeeste vald","avg_wage","2024",1464,"EE004","EE004",214,"Pärnu county"
"häädemeeste vald","employees","2021",1035,"EE004","EE004",214,"Pärnu county"
"häädemeeste vald","employees","2022",1062,"EE004","EE004",214,"Pärnu county"
"häädemeeste vald","employees","2023",1052,"EE004","EE004",214,"Pärnu county"
"häädemeeste vald","employees","2024",1043,"EE004","EE004",214,"Pärnu county"
"häädemeeste vald","median_wage","2021",839,"EE004","EE004",214,"Pärnu county"
"häädemeeste vald","median_wage","2022",985,"EE004","EE004",214,"Pärnu county"
"häädemeeste vald","median_wage","2023",1130,"EE004","EE004",214,"Pärnu county"
"häädemeeste vald","median_wage","2024",1201,"EE004","EE004",214,"Pärnu county"
"häädemeeste vald","%change","2021",NA,"EE004","EE004",214,"Pärnu county"
"häädemeeste vald","%change","2022",12.9,"EE004","EE004",214,"Pärnu county"
"häädemeeste vald","%change","2023",14.2,"EE004","EE004",214,"Pärnu county"
"häädemeeste vald","%change","2024",8.9,"EE004","EE004",214,"Pärnu county"
"järva vald","avg_wage","2021",1269,"EE009","EE006",255,"Järva county"
"järva vald","avg_wage","2022",1377,"EE009","EE006",255,"Järva county"
"järva vald","avg_wage","2023",1506,"EE009","EE006",255,"Järva county"
"järva vald","avg_wage","2024",1647,"EE009","EE006",255,"Järva county"
"järva vald","employees","2021",3122,"EE009","EE006",255,"Järva county"
"järva vald","employees","2022",3120,"EE009","EE006",255,"Järva county"
"järva vald","employees","2023",3056,"EE009","EE006",255,"Järva county"
"järva vald","employees","2024",2968,"EE009","EE006",255,"Järva county"
"järva vald","median_wage","2021",1090,"EE009","EE006",255,"Järva county"
"järva vald","median_wage","2022",1200,"EE009","EE006",255,"Järva county"
"järva vald","median_wage","2023",1330,"EE009","EE006",255,"Järva county"
"järva vald","median_wage","2024",1467,"EE009","EE006",255,"Järva county"
"järva vald","%change","2021",NA,"EE009","EE006",255,"Järva county"
"järva vald","%change","2022",8.5,"EE009","EE006",255,"Järva county"
"järva vald","%change","2023",9.4,"EE009","EE006",255,"Järva county"
"järva vald","%change","2024",9.4,"EE009","EE006",255,"Järva county"
"jõelähtme vald","avg_wage","2021",1409,"EE001","EE001",245,"Harju county"
"jõelähtme vald","avg_wage","2022",1520,"EE001","EE001",245,"Harju county"
"jõelähtme vald","avg_wage","2023",1667,"EE001","EE001",245,"Harju county"
"jõelähtme vald","avg_wage","2024",1753,"EE001","EE001",245,"Harju county"
"jõelähtme vald","employees","2021",4564,"EE001","EE001",245,"Harju county"
"jõelähtme vald","employees","2022",4665,"EE001","EE001",245,"Harju county"
"jõelähtme vald","employees","2023",4668,"EE001","EE001",245,"Harju county"
"jõelähtme vald","employees","2024",4585,"EE001","EE001",245,"Harju county"
"jõelähtme vald","median_wage","2021",1207,"EE001","EE001",245,"Harju county"
"jõelähtme vald","median_wage","2022",1308,"EE001","EE001",245,"Harju county"
"jõelähtme vald","median_wage","2023",1417,"EE001","EE001",245,"Harju county"
"jõelähtme vald","median_wage","2024",1489,"EE001","EE001",245,"Harju county"
"jõelähtme vald","%change","2021",NA,"EE001","EE001",245,"Harju county"
"jõelähtme vald","%change","2022",7.9,"EE001","EE001",245,"Harju county"
"jõelähtme vald","%change","2023",9.7,"EE001","EE001",245,"Harju county"
"jõelähtme vald","%change","2024",5.1,"EE001","EE001",245,"Harju county"
"jõgeva vald","avg_wage","2021",1197,"EE008","EE008",247,"Jõgeva county"
"jõgeva vald","avg_wage","2022",1335,"EE008","EE008",247,"Jõgeva county"
"jõgeva vald","avg_wage","2023",1500,"EE008","EE008",247,"Jõgeva county"
"jõgeva vald","avg_wage","2024",1610,"EE008","EE008",247,"Jõgeva county"
"jõgeva vald","employees","2021",4665,"EE008","EE008",247,"Jõgeva county"
"jõgeva vald","employees","2022",4616,"EE008","EE008",247,"Jõgeva county"
"jõgeva vald","employees","2023",4474,"EE008","EE008",247,"Jõgeva county"
"jõgeva vald","employees","2024",4387,"EE008","EE008",247,"Jõgeva county"
"jõgeva vald","median_wage","2021",1045,"EE008","EE008",247,"Jõgeva county"
"jõgeva vald","median_wage","2022",1170,"EE008","EE008",247,"Jõgeva county"
"jõgeva vald","median_wage","2023",1310,"EE008","EE008",247,"Jõgeva county"
"jõgeva vald","median_wage","2024",1402,"EE008","EE008",247,"Jõgeva county"
"jõgeva vald","%change","2021",NA,"EE008","EE008",247,"Jõgeva county"
"jõgeva vald","%change","2022",11.5,"EE008","EE008",247,"Jõgeva county"
"jõgeva vald","%change","2023",12.3,"EE008","EE008",247,"Jõgeva county"
"jõgeva vald","%change","2024",7.4,"EE008","EE008",247,"Jõgeva county"
"jõhvi vald","avg_wage","2021",1179,"EE00A","EE007",251,"Ida-Viru county"
"jõhvi vald","avg_wage","2022",1301,"EE00A","EE007",251,"Ida-Viru county"
"jõhvi vald","avg_wage","2023",1447,"EE00A","EE007",251,"Ida-Viru county"
"jõhvi vald","avg_wage","2024",1579,"EE00A","EE007",251,"Ida-Viru county"
"jõhvi vald","employees","2021",7396,"EE00A","EE007",251,"Ida-Viru county"
"jõhvi vald","employees","2022",7447,"EE00A","EE007",251,"Ida-Viru county"
"jõhvi vald","employees","2023",7198,"EE00A","EE007",251,"Ida-Viru county"
"jõhvi vald","employees","2024",6867,"EE00A","EE007",251,"Ida-Viru county"
"jõhvi vald","median_wage","2021",982,"EE00A","EE007",251,"Ida-Viru county"
"jõhvi vald","median_wage","2022",1072,"EE00A","EE007",251,"Ida-Viru county"
"jõhvi vald","median_wage","2023",1181,"EE00A","EE007",251,"Ida-Viru county"
"jõhvi vald","median_wage","2024",1287,"EE00A","EE007",251,"Ida-Viru county"
"jõhvi vald","%change","2021",NA,"EE00A","EE007",251,"Ida-Viru county"
"jõhvi vald","%change","2022",10.3,"EE00A","EE007",251,"Ida-Viru county"
"jõhvi vald","%change","2023",11.2,"EE00A","EE007",251,"Ida-Viru county"
"jõhvi vald","%change","2024",9.2,"EE00A","EE007",251,"Ida-Viru county"
"kadrina vald","avg_wage","2021",1269,"EE009","EE006",272,"Lääne-Viru county"
"kadrina vald","avg_wage","2022",1414,"EE009","EE006",272,"Lääne-Viru county"
"kadrina vald","avg_wage","2023",1548,"EE009","EE006",272,"Lääne-Viru county"
"kadrina vald","avg_wage","2024",1672,"EE009","EE006",272,"Lääne-Viru county"
"kadrina vald","employees","2021",1360,"EE009","EE006",272,"Lääne-Viru county"
"kadrina vald","employees","2022",1359,"EE009","EE006",272,"Lääne-Viru county"
"kadrina vald","employees","2023",1313,"EE009","EE006",272,"Lääne-Viru county"
"kadrina vald","employees","2024",1286,"EE009","EE006",272,"Lääne-Viru county"
"kadrina vald","median_wage","2021",1077,"EE009","EE006",272,"Lääne-Viru county"
"kadrina vald","median_wage","2022",1232,"EE009","EE006",272,"Lääne-Viru county"
"kadrina vald","median_wage","2023",1371,"EE009","EE006",272,"Lääne-Viru county"
"kadrina vald","median_wage","2024",1491,"EE009","EE006",272,"Lääne-Viru county"
"kadrina vald","%change","2021",NA,"EE009","EE006",272,"Lääne-Viru county"
"kadrina vald","%change","2022",11.4,"EE009","EE006",272,"Lääne-Viru county"
"kadrina vald","%change","2023",9.5,"EE009","EE006",272,"Lääne-Viru county"
"kadrina vald","%change","2024",8,"EE009","EE006",272,"Lääne-Viru county"
"kambja vald","avg_wage","2021",1400,"EE008","EE008",283,"Tartu county"
"kambja vald","avg_wage","2022",1541,"EE008","EE008",283,"Tartu county"
"kambja vald","avg_wage","2023",1706,"EE008","EE008",283,"Tartu county"
"kambja vald","avg_wage","2024",1812,"EE008","EE008",283,"Tartu county"
"kambja vald","employees","2021",5187,"EE008","EE008",283,"Tartu county"
"kambja vald","employees","2022",5414,"EE008","EE008",283,"Tartu county"
"kambja vald","employees","2023",5465,"EE008","EE008",283,"Tartu county"
"kambja vald","employees","2024",5677,"EE008","EE008",283,"Tartu county"
"kambja vald","median_wage","2021",1221,"EE008","EE008",283,"Tartu county"
"kambja vald","median_wage","2022",1337,"EE008","EE008",283,"Tartu county"
"kambja vald","median_wage","2023",1500,"EE008","EE008",283,"Tartu county"
"kambja vald","median_wage","2024",1569,"EE008","EE008",283,"Tartu county"
"kambja vald","%change","2021",NA,"EE008","EE008",283,"Tartu county"
"kambja vald","%change","2022",10.1,"EE008","EE008",283,"Tartu county"
"kambja vald","%change","2023",10.7,"EE008","EE008",283,"Tartu county"
"kambja vald","%change","2024",6.2,"EE008","EE008",283,"Tartu county"
"kanepi vald","avg_wage","2021",1147,"EE008","EE008",284,"Põlva county"
"kanepi vald","avg_wage","2022",1262,"EE008","EE008",284,"Põlva county"
"kanepi vald","avg_wage","2023",1380,"EE008","EE008",284,"Põlva county"
"kanepi vald","avg_wage","2024",1470,"EE008","EE008",284,"Põlva county"
"kanepi vald","employees","2021",1244,"EE008","EE008",284,"Põlva county"
"kanepi vald","employees","2022",1239,"EE008","EE008",284,"Põlva county"
"kanepi vald","employees","2023",1233,"EE008","EE008",284,"Põlva county"
"kanepi vald","employees","2024",1213,"EE008","EE008",284,"Põlva county"
"kanepi vald","median_wage","2021",1025,"EE008","EE008",284,"Põlva county"
"kanepi vald","median_wage","2022",1133,"EE008","EE008",284,"Põlva county"
"kanepi vald","median_wage","2023",1220,"EE008","EE008",284,"Põlva county"
"kanepi vald","median_wage","2024",1314,"EE008","EE008",284,"Põlva county"
"kanepi vald","%change","2021",NA,"EE008","EE008",284,"Põlva county"
"kanepi vald","%change","2022",10,"EE008","EE008",284,"Põlva county"
"kanepi vald","%change","2023",9.3,"EE008","EE008",284,"Põlva county"
"kanepi vald","%change","2024",6.6,"EE008","EE008",284,"Põlva county"
"kastre vald","avg_wage","2021",1219,"EE008","EE008",291,"Tartu county"
"kastre vald","avg_wage","2022",1379,"EE008","EE008",291,"Tartu county"
"kastre vald","avg_wage","2023",1541,"EE008","EE008",291,"Tartu county"
"kastre vald","avg_wage","2024",1590,"EE008","EE008",291,"Tartu county"
"kastre vald","employees","2021",1148,"EE008","EE008",291,"Tartu county"
"kastre vald","employees","2022",1184,"EE008","EE008",291,"Tartu county"
"kastre vald","employees","2023",1186,"EE008","EE008",291,"Tartu county"
"kastre vald","employees","2024",1270,"EE008","EE008",291,"Tartu county"
"kastre vald","median_wage","2021",1144,"EE008","EE008",291,"Tartu county"
"kastre vald","median_wage","2022",1288,"EE008","EE008",291,"Tartu county"
"kastre vald","median_wage","2023",1437,"EE008","EE008",291,"Tartu county"
"kastre vald","median_wage","2024",1494,"EE008","EE008",291,"Tartu county"
"kastre vald","%change","2021",NA,"EE008","EE008",291,"Tartu county"
"kastre vald","%change","2022",13.1,"EE008","EE008",291,"Tartu county"
"kastre vald","%change","2023",11.7,"EE008","EE008",291,"Tartu county"
"kastre vald","%change","2024",3.2,"EE008","EE008",291,"Tartu county"
"kehtna vald","avg_wage","2021",1274,"EE009","EE006",293,"Rapla county"
"kehtna vald","avg_wage","2022",1391,"EE009","EE006",293,"Rapla county"
"kehtna vald","avg_wage","2023",1564,"EE009","EE006",293,"Rapla county"
"kehtna vald","avg_wage","2024",1674,"EE009","EE006",293,"Rapla county"
"kehtna vald","employees","2021",1485,"EE009","EE006",293,"Rapla county"
"kehtna vald","employees","2022",1493,"EE009","EE006",293,"Rapla county"
"kehtna vald","employees","2023",1405,"EE009","EE006",293,"Rapla county"
"kehtna vald","employees","2024",1400,"EE009","EE006",293,"Rapla county"
"kehtna vald","median_wage","2021",1088,"EE009","EE006",293,"Rapla county"
"kehtna vald","median_wage","2022",1173,"EE009","EE006",293,"Rapla county"
"kehtna vald","median_wage","2023",1335,"EE009","EE006",293,"Rapla county"
"kehtna vald","median_wage","2024",1453,"EE009","EE006",293,"Rapla county"
"kehtna vald","%change","2021",NA,"EE009","EE006",293,"Rapla county"
"kehtna vald","%change","2022",9.1,"EE009","EE006",293,"Rapla county"
"kehtna vald","%change","2023",12.5,"EE009","EE006",293,"Rapla county"
"kehtna vald","%change","2024",7.1,"EE009","EE006",293,"Rapla county"
"keila linn","avg_wage","2021",1341,"EE001","EE001",296,"Harju county"
"keila linn","avg_wage","2022",1469,"EE001","EE001",296,"Harju county"
"keila linn","avg_wage","2023",1597,"EE001","EE001",296,"Harju county"
"keila linn","avg_wage","2024",1785,"EE001","EE001",296,"Harju county"
"keila linn","employees","2021",4389,"EE001","EE001",296,"Harju county"
"keila linn","employees","2022",4620,"EE001","EE001",296,"Harju county"
"keila linn","employees","2023",4350,"EE001","EE001",296,"Harju county"
"keila linn","employees","2024",4181,"EE001","EE001",296,"Harju county"
"keila linn","median_wage","2021",1166,"EE001","EE001",296,"Harju county"
"keila linn","median_wage","2022",1262,"EE001","EE001",296,"Harju county"
"keila linn","median_wage","2023",1352,"EE001","EE001",296,"Harju county"
"keila linn","median_wage","2024",1490,"EE001","EE001",296,"Harju county"
"keila linn","%change","2021",NA,"EE001","EE001",296,"Harju county"
"keila linn","%change","2022",9.6,"EE001","EE001",296,"Harju county"
"keila linn","%change","2023",8.7,"EE001","EE001",296,"Harju county"
"keila linn","%change","2024",11.8,"EE001","EE001",296,"Harju county"
"kihnu vald","avg_wage","2021",1157,"EE004","EE004",303,"Pärnu county"
"kihnu vald","avg_wage","2022",1253,"EE004","EE004",303,"Pärnu county"
"kihnu vald","avg_wage","2023",1506,"EE004","EE004",303,"Pärnu county"
"kihnu vald","avg_wage","2024",1518,"EE004","EE004",303,"Pärnu county"
"kihnu vald","employees","2021",117,"EE004","EE004",303,"Pärnu county"
"kihnu vald","employees","2022",119,"EE004","EE004",303,"Pärnu county"
"kihnu vald","employees","2023",125,"EE004","EE004",303,"Pärnu county"
"kihnu vald","employees","2024",117,"EE004","EE004",303,"Pärnu county"
"kihnu vald","median_wage","2021",922,"EE004","EE004",303,"Pärnu county"
"kihnu vald","median_wage","2022",1044,"EE004","EE004",303,"Pärnu county"
"kihnu vald","median_wage","2023",1300,"EE004","EE004",303,"Pärnu county"
"kihnu vald","median_wage","2024",1369,"EE004","EE004",303,"Pärnu county"
"kihnu vald","%change","2021",NA,"EE004","EE004",303,"Pärnu county"
"kihnu vald","%change","2022",8.3,"EE004","EE004",303,"Pärnu county"
"kihnu vald","%change","2023",20.2,"EE004","EE004",303,"Pärnu county"
"kihnu vald","%change","2024",0.8,"EE004","EE004",303,"Pärnu county"
"kiili vald","avg_wage","2021",1348,"EE001","EE001",304,"Harju county"
"kiili vald","avg_wage","2022",1511,"EE001","EE001",304,"Harju county"
"kiili vald","avg_wage","2023",1644,"EE001","EE001",304,"Harju county"
"kiili vald","avg_wage","2024",1727,"EE001","EE001",304,"Harju county"
"kiili vald","employees","2021",1481,"EE001","EE001",304,"Harju county"
"kiili vald","employees","2022",1571,"EE001","EE001",304,"Harju county"
"kiili vald","employees","2023",1674,"EE001","EE001",304,"Harju county"
"kiili vald","employees","2024",1827,"EE001","EE001",304,"Harju county"
"kiili vald","median_wage","2021",1200,"EE001","EE001",304,"Harju county"
"kiili vald","median_wage","2022",1333,"EE001","EE001",304,"Harju county"
"kiili vald","median_wage","2023",1480,"EE001","EE001",304,"Harju county"
"kiili vald","median_wage","2024",1556,"EE001","EE001",304,"Harju county"
"kiili vald","%change","2021",NA,"EE001","EE001",304,"Harju county"
"kiili vald","%change","2022",12.1,"EE001","EE001",304,"Harju county"
"kiili vald","%change","2023",8.8,"EE001","EE001",304,"Harju county"
"kiili vald","%change","2024",5,"EE001","EE001",304,"Harju county"
"kohila vald","avg_wage","2021",1293,"EE009","EE006",317,"Rapla county"
"kohila vald","avg_wage","2022",1423,"EE009","EE006",317,"Rapla county"
"kohila vald","avg_wage","2023",1563,"EE009","EE006",317,"Rapla county"
"kohila vald","avg_wage","2024",1678,"EE009","EE006",317,"Rapla county"
"kohila vald","employees","2021",2023,"EE009","EE006",317,"Rapla county"
"kohila vald","employees","2022",2085,"EE009","EE006",317,"Rapla county"
"kohila vald","employees","2023",2079,"EE009","EE006",317,"Rapla county"
"kohila vald","employees","2024",2053,"EE009","EE006",317,"Rapla county"
"kohila vald","median_wage","2021",1167,"EE009","EE006",317,"Rapla county"
"kohila vald","median_wage","2022",1286,"EE009","EE006",317,"Rapla county"
"kohila vald","median_wage","2023",1402,"EE009","EE006",317,"Rapla county"
"kohila vald","median_wage","2024",1485,"EE009","EE006",317,"Rapla county"
"kohila vald","%change","2021",NA,"EE009","EE006",317,"Rapla county"
"kohila vald","%change","2022",10.1,"EE009","EE006",317,"Rapla county"
"kohila vald","%change","2023",9.8,"EE009","EE006",317,"Rapla county"
"kohila vald","%change","2024",7.4,"EE009","EE006",317,"Rapla county"
"kohtla-järve linn","avg_wage","2021",1177,"EE00A","EE007",321,"Ida-Viru county"
"kohtla-järve linn","avg_wage","2022",1287,"EE00A","EE007",321,"Ida-Viru county"
"kohtla-järve linn","avg_wage","2023",1464,"EE00A","EE007",321,"Ida-Viru county"
"kohtla-järve linn","avg_wage","2024",1632,"EE00A","EE007",321,"Ida-Viru county"
"kohtla-järve linn","employees","2021",9369,"EE00A","EE007",321,"Ida-Viru county"
"kohtla-järve linn","employees","2022",9281,"EE00A","EE007",321,"Ida-Viru county"
"kohtla-järve linn","employees","2023",8970,"EE00A","EE007",321,"Ida-Viru county"
"kohtla-järve linn","employees","2024",8832,"EE00A","EE007",321,"Ida-Viru county"
"kohtla-järve linn","median_wage","2021",950,"EE00A","EE007",321,"Ida-Viru county"
"kohtla-järve linn","median_wage","2022",1045,"EE00A","EE007",321,"Ida-Viru county"
"kohtla-järve linn","median_wage","2023",1190,"EE00A","EE007",321,"Ida-Viru county"
"kohtla-järve linn","median_wage","2024",1312,"EE00A","EE007",321,"Ida-Viru county"
"kohtla-järve linn","%change","2021",NA,"EE00A","EE007",321,"Ida-Viru county"
"kohtla-järve linn","%change","2022",9.3,"EE00A","EE007",321,"Ida-Viru county"
"kohtla-järve linn","%change","2023",13.7,"EE00A","EE007",321,"Ida-Viru county"
"kohtla-järve linn","%change","2024",11.5,"EE00A","EE007",321,"Ida-Viru county"
"kose vald","avg_wage","2021",1242,"EE001","EE001",338,"Harju county"
"kose vald","avg_wage","2022",1360,"EE001","EE001",338,"Harju county"
"kose vald","avg_wage","2023",1489,"EE001","EE001",338,"Harju county"
"kose vald","avg_wage","2024",1589,"EE001","EE001",338,"Harju county"
"kose vald","employees","2021",1996,"EE001","EE001",338,"Harju county"
"kose vald","employees","2022",2036,"EE001","EE001",338,"Harju county"
"kose vald","employees","2023",1983,"EE001","EE001",338,"Harju county"
"kose vald","employees","2024",1994,"EE001","EE001",338,"Harju county"
"kose vald","median_wage","2021",1089,"EE001","EE001",338,"Harju county"
"kose vald","median_wage","2022",1184,"EE001","EE001",338,"Harju county"
"kose vald","median_wage","2023",1308,"EE001","EE001",338,"Harju county"
"kose vald","median_wage","2024",1395,"EE001","EE001",338,"Harju county"
"kose vald","%change","2021",NA,"EE001","EE001",338,"Harju county"
"kose vald","%change","2022",9.5,"EE001","EE001",338,"Harju county"
"kose vald","%change","2023",9.5,"EE001","EE001",338,"Harju county"
"kose vald","%change","2024",6.7,"EE001","EE001",338,"Harju county"
"kuusalu vald","avg_wage","2021",1214,"EE001","EE001",353,"Harju county"
"kuusalu vald","avg_wage","2022",1345,"EE001","EE001",353,"Harju county"
"kuusalu vald","avg_wage","2023",1488,"EE001","EE001",353,"Harju county"
"kuusalu vald","avg_wage","2024",1575,"EE001","EE001",353,"Harju county"
"kuusalu vald","employees","2021",1593,"EE001","EE001",353,"Harju county"
"kuusalu vald","employees","2022",1609,"EE001","EE001",353,"Harju county"
"kuusalu vald","employees","2023",1651,"EE001","EE001",353,"Harju county"
"kuusalu vald","employees","2024",1640,"EE001","EE001",353,"Harju county"
"kuusalu vald","median_wage","2021",1051,"EE001","EE001",353,"Harju county"
"kuusalu vald","median_wage","2022",1183,"EE001","EE001",353,"Harju county"
"kuusalu vald","median_wage","2023",1273,"EE001","EE001",353,"Harju county"
"kuusalu vald","median_wage","2024",1379,"EE001","EE001",353,"Harju county"
"kuusalu vald","%change","2021",NA,"EE001","EE001",353,"Harju county"
"kuusalu vald","%change","2022",10.8,"EE001","EE001",353,"Harju county"
"kuusalu vald","%change","2023",10.7,"EE001","EE001",353,"Harju county"
"kuusalu vald","%change","2024",5.8,"EE001","EE001",353,"Harju county"
"loksa linn","avg_wage","2021",961,"EE001","EE001",424,"Harju county"
"loksa linn","avg_wage","2022",1035,"EE001","EE001",424,"Harju county"
"loksa linn","avg_wage","2023",1158,"EE001","EE001",424,"Harju county"
"loksa linn","avg_wage","2024",1280,"EE001","EE001",424,"Harju county"
"loksa linn","employees","2021",559,"EE001","EE001",424,"Harju county"
"loksa linn","employees","2022",488,"EE001","EE001",424,"Harju county"
"loksa linn","employees","2023",435,"EE001","EE001",424,"Harju county"
"loksa linn","employees","2024",416,"EE001","EE001",424,"Harju county"
"loksa linn","median_wage","2021",835,"EE001","EE001",424,"Harju county"
"loksa linn","median_wage","2022",884,"EE001","EE001",424,"Harju county"
"loksa linn","median_wage","2023",953,"EE001","EE001",424,"Harju county"
"loksa linn","median_wage","2024",1051,"EE001","EE001",424,"Harju county"
"loksa linn","%change","2021",NA,"EE001","EE001",424,"Harju county"
"loksa linn","%change","2022",7.7,"EE001","EE001",424,"Harju county"
"loksa linn","%change","2023",11.9,"EE001","EE001",424,"Harju county"
"loksa linn","%change","2024",10.6,"EE001","EE001",424,"Harju county"
"luunja vald","avg_wage","2021",1280,"EE008","EE008",432,"Tartu county"
"luunja vald","avg_wage","2022",1406,"EE008","EE008",432,"Tartu county"
"luunja vald","avg_wage","2023",1565,"EE008","EE008",432,"Tartu county"
"luunja vald","avg_wage","2024",1665,"EE008","EE008",432,"Tartu county"
"luunja vald","employees","2021",1496,"EE008","EE008",432,"Tartu county"
"luunja vald","employees","2022",1507,"EE008","EE008",432,"Tartu county"
"luunja vald","employees","2023",1421,"EE008","EE008",432,"Tartu county"
"luunja vald","employees","2024",1431,"EE008","EE008",432,"Tartu county"
"luunja vald","median_wage","2021",1115,"EE008","EE008",432,"Tartu county"
"luunja vald","median_wage","2022",1203,"EE008","EE008",432,"Tartu county"
"luunja vald","median_wage","2023",1334,"EE008","EE008",432,"Tartu county"
"luunja vald","median_wage","2024",1414,"EE008","EE008",432,"Tartu county"
"luunja vald","%change","2021",NA,"EE008","EE008",432,"Tartu county"
"luunja vald","%change","2022",9.9,"EE008","EE008",432,"Tartu county"
"luunja vald","%change","2023",11.3,"EE008","EE008",432,"Tartu county"
"luunja vald","%change","2024",6.3,"EE008","EE008",432,"Tartu county"
"lääne-harju vald","avg_wage","2021",1293,"EE001","EE001",431,"Harju county"
"lääne-harju vald","avg_wage","2022",1439,"EE001","EE001",431,"Harju county"
"lääne-harju vald","avg_wage","2023",1597,"EE001","EE001",431,"Harju county"
"lääne-harju vald","avg_wage","2024",1726,"EE001","EE001",431,"Harju county"
"lääne-harju vald","employees","2021",3207,"EE001","EE001",431,"Harju county"
"lääne-harju vald","employees","2022",3276,"EE001","EE001",431,"Harju county"
"lääne-harju vald","employees","2023",3175,"EE001","EE001",431,"Harju county"
"lääne-harju vald","employees","2024",3040,"EE001","EE001",431,"Harju county"
"lääne-harju vald","median_wage","2021",1131,"EE001","EE001",431,"Harju county"
"lääne-harju vald","median_wage","2022",1236,"EE001","EE001",431,"Harju county"
"lääne-harju vald","median_wage","2023",1353,"EE001","EE001",431,"Harju county"
"lääne-harju vald","median_wage","2024",1462,"EE001","EE001",431,"Harju county"
"lääne-harju vald","%change","2021",NA,"EE001","EE001",431,"Harju county"
"lääne-harju vald","%change","2022",11.3,"EE001","EE001",431,"Harju county"
"lääne-harju vald","%change","2023",11,"EE001","EE001",431,"Harju county"
"lääne-harju vald","%change","2024",8,"EE001","EE001",431,"Harju county"
"lääne-nigula vald","avg_wage","2021",1141,"EE004","EE004",441,"Lääne county"
"lääne-nigula vald","avg_wage","2022",1254,"EE004","EE004",441,"Lääne county"
"lääne-nigula vald","avg_wage","2023",1336,"EE004","EE004",441,"Lääne county"
"lääne-nigula vald","avg_wage","2024",1428,"EE004","EE004",441,"Lääne county"
"lääne-nigula vald","employees","2021",1871,"EE004","EE004",441,"Lääne county"
"lääne-nigula vald","employees","2022",1878,"EE004","EE004",441,"Lääne county"
"lääne-nigula vald","employees","2023",1805,"EE004","EE004",441,"Lääne county"
"lääne-nigula vald","employees","2024",1842,"EE004","EE004",441,"Lääne county"
"lääne-nigula vald","median_wage","2021",1032,"EE004","EE004",441,"Lääne county"
"lääne-nigula vald","median_wage","2022",1152,"EE004","EE004",441,"Lääne county"
"lääne-nigula vald","median_wage","2023",1207,"EE004","EE004",441,"Lääne county"
"lääne-nigula vald","median_wage","2024",1292,"EE004","EE004",441,"Lääne county"
"lääne-nigula vald","%change","2021",NA,"EE004","EE004",441,"Lääne county"
"lääne-nigula vald","%change","2022",9.9,"EE004","EE004",441,"Lääne county"
"lääne-nigula vald","%change","2023",6.6,"EE004","EE004",441,"Lääne county"
"lääne-nigula vald","%change","2024",6.9,"EE004","EE004",441,"Lääne county"
"lääneranna vald","avg_wage","2021",1092,"EE004","EE004",430,"Pärnu county"
"lääneranna vald","avg_wage","2022",1164,"EE004","EE004",430,"Pärnu county"
"lääneranna vald","avg_wage","2023",1314,"EE004","EE004",430,"Pärnu county"
"lääneranna vald","avg_wage","2024",1416,"EE004","EE004",430,"Pärnu county"
"lääneranna vald","employees","2021",1402,"EE004","EE004",430,"Pärnu county"
"lääneranna vald","employees","2022",1427,"EE004","EE004",430,"Pärnu county"
"lääneranna vald","employees","2023",1365,"EE004","EE004",430,"Pärnu county"
"lääneranna vald","employees","2024",1318,"EE004","EE004",430,"Pärnu county"
"lääneranna vald","median_wage","2021",1000,"EE004","EE004",430,"Pärnu county"
"lääneranna vald","median_wage","2022",1058,"EE004","EE004",430,"Pärnu county"
"lääneranna vald","median_wage","2023",1173,"EE004","EE004",430,"Pärnu county"
"lääneranna vald","median_wage","2024",1241,"EE004","EE004",430,"Pärnu county"
"lääneranna vald","%change","2021",NA,"EE004","EE004",430,"Pärnu county"
"lääneranna vald","%change","2022",6.5,"EE004","EE004",430,"Pärnu county"
"lääneranna vald","%change","2023",12.9,"EE004","EE004",430,"Pärnu county"
"lääneranna vald","%change","2024",7.8,"EE004","EE004",430,"Pärnu county"
"lüganuse vald","avg_wage","2021",1049,"EE00A","EE007",442,"Ida-Viru county"
"lüganuse vald","avg_wage","2022",1122,"EE00A","EE007",442,"Ida-Viru county"
"lüganuse vald","avg_wage","2023",1284,"EE00A","EE007",442,"Ida-Viru county"
"lüganuse vald","avg_wage","2024",1436,"EE00A","EE007",442,"Ida-Viru county"
"lüganuse vald","employees","2021",2556,"EE00A","EE007",442,"Ida-Viru county"
"lüganuse vald","employees","2022",2537,"EE00A","EE007",442,"Ida-Viru county"
"lüganuse vald","employees","2023",2397,"EE00A","EE007",442,"Ida-Viru county"
"lüganuse vald","employees","2024",2381,"EE00A","EE007",442,"Ida-Viru county"
"lüganuse vald","median_wage","2021",904,"EE00A","EE007",442,"Ida-Viru county"
"lüganuse vald","median_wage","2022",972,"EE00A","EE007",442,"Ida-Viru county"
"lüganuse vald","median_wage","2023",1110,"EE00A","EE007",442,"Ida-Viru county"
"lüganuse vald","median_wage","2024",1243,"EE00A","EE007",442,"Ida-Viru county"
"lüganuse vald","%change","2021",NA,"EE00A","EE007",442,"Ida-Viru county"
"lüganuse vald","%change","2022",6.9,"EE00A","EE007",442,"Ida-Viru county"
"lüganuse vald","%change","2023",14.5,"EE00A","EE007",442,"Ida-Viru county"
"lüganuse vald","%change","2024",11.8,"EE00A","EE007",442,"Ida-Viru county"
"maardu linn","avg_wage","2021",1307,"EE001","EE001",446,"Harju county"
"maardu linn","avg_wage","2022",1453,"EE001","EE001",446,"Harju county"
"maardu linn","avg_wage","2023",1567,"EE001","EE001",446,"Harju county"
"maardu linn","avg_wage","2024",1664,"EE001","EE001",446,"Harju county"
"maardu linn","employees","2021",7138,"EE001","EE001",446,"Harju county"
"maardu linn","employees","2022",7226,"EE001","EE001",446,"Harju county"
"maardu linn","employees","2023",7129,"EE001","EE001",446,"Harju county"
"maardu linn","employees","2024",6840,"EE001","EE001",446,"Harju county"
"maardu linn","median_wage","2021",1119,"EE001","EE001",446,"Harju county"
"maardu linn","median_wage","2022",1257,"EE001","EE001",446,"Harju county"
"maardu linn","median_wage","2023",1351,"EE001","EE001",446,"Harju county"
"maardu linn","median_wage","2024",1429,"EE001","EE001",446,"Harju county"
"maardu linn","%change","2021",NA,"EE001","EE001",446,"Harju county"
"maardu linn","%change","2022",11.2,"EE001","EE001",446,"Harju county"
"maardu linn","%change","2023",7.8,"EE001","EE001",446,"Harju county"
"maardu linn","%change","2024",6.2,"EE001","EE001",446,"Harju county"
"muhu vald","avg_wage","2021",999,"EE004","EE004",478,"Saare county"
"muhu vald","avg_wage","2022",1111,"EE004","EE004",478,"Saare county"
"muhu vald","avg_wage","2023",1255,"EE004","EE004",478,"Saare county"
"muhu vald","avg_wage","2024",1368,"EE004","EE004",478,"Saare county"
"muhu vald","employees","2021",437,"EE004","EE004",478,"Saare county"
"muhu vald","employees","2022",441,"EE004","EE004",478,"Saare county"
"muhu vald","employees","2023",445,"EE004","EE004",478,"Saare county"
"muhu vald","employees","2024",451,"EE004","EE004",478,"Saare county"
"muhu vald","median_wage","2021",905,"EE004","EE004",478,"Saare county"
"muhu vald","median_wage","2022",988,"EE004","EE004",478,"Saare county"
"muhu vald","median_wage","2023",1107,"EE004","EE004",478,"Saare county"
"muhu vald","median_wage","2024",1233,"EE004","EE004",478,"Saare county"
"muhu vald","%change","2021",NA,"EE004","EE004",478,"Saare county"
"muhu vald","%change","2022",11.2,"EE004","EE004",478,"Saare county"
"muhu vald","%change","2023",13,"EE004","EE004",478,"Saare county"
"muhu vald","%change","2024",9.1,"EE004","EE004",478,"Saare county"
"mulgi vald","avg_wage","2021",1164,"EE008","EE008",480,"Viljandi county"
"mulgi vald","avg_wage","2022",1304,"EE008","EE008",480,"Viljandi county"
"mulgi vald","avg_wage","2023",1434,"EE008","EE008",480,"Viljandi county"
"mulgi vald","avg_wage","2024",1532,"EE008","EE008",480,"Viljandi county"
"mulgi vald","employees","2021",1958,"EE008","EE008",480,"Viljandi county"
"mulgi vald","employees","2022",1941,"EE008","EE008",480,"Viljandi county"
"mulgi vald","employees","2023",1788,"EE008","EE008",480,"Viljandi county"
"mulgi vald","employees","2024",1770,"EE008","EE008",480,"Viljandi county"
"mulgi vald","median_wage","2021",996,"EE008","EE008",480,"Viljandi county"
"mulgi vald","median_wage","2022",1118,"EE008","EE008",480,"Viljandi county"
"mulgi vald","median_wage","2023",1224,"EE008","EE008",480,"Viljandi county"
"mulgi vald","median_wage","2024",1308,"EE008","EE008",480,"Viljandi county"
"mulgi vald","%change","2021",NA,"EE008","EE008",480,"Viljandi county"
"mulgi vald","%change","2022",12.1,"EE008","EE008",480,"Viljandi county"
"mulgi vald","%change","2023",9.9,"EE008","EE008",480,"Viljandi county"
"mulgi vald","%change","2024",6.9,"EE008","EE008",480,"Viljandi county"
"mustvee vald","avg_wage","2021",1025,"EE008","EE008",486,"Jõgeva county"
"mustvee vald","avg_wage","2022",1094,"EE008","EE008",486,"Jõgeva county"
"mustvee vald","avg_wage","2023",1226,"EE008","EE008",486,"Jõgeva county"
"mustvee vald","avg_wage","2024",1350,"EE008","EE008",486,"Jõgeva county"
"mustvee vald","employees","2021",1544,"EE008","EE008",486,"Jõgeva county"
"mustvee vald","employees","2022",1490,"EE008","EE008",486,"Jõgeva county"
"mustvee vald","employees","2023",1407,"EE008","EE008",486,"Jõgeva county"
"mustvee vald","employees","2024",1394,"EE008","EE008",486,"Jõgeva county"
"mustvee vald","median_wage","2021",821,"EE008","EE008",486,"Jõgeva county"
"mustvee vald","median_wage","2022",908,"EE008","EE008",486,"Jõgeva county"
"mustvee vald","median_wage","2023",1007,"EE008","EE008",486,"Jõgeva county"
"mustvee vald","median_wage","2024",1100,"EE008","EE008",486,"Jõgeva county"
"mustvee vald","%change","2021",NA,"EE008","EE008",486,"Jõgeva county"
"mustvee vald","%change","2022",6.7,"EE008","EE008",486,"Jõgeva county"
"mustvee vald","%change","2023",12.1,"EE008","EE008",486,"Jõgeva county"
"mustvee vald","%change","2024",10.1,"EE008","EE008",486,"Jõgeva county"
"märjamaa vald","avg_wage","2021",1131,"EE009","EE006",503,"Rapla county"
"märjamaa vald","avg_wage","2022",1236,"EE009","EE006",503,"Rapla county"
"märjamaa vald","avg_wage","2023",1369,"EE009","EE006",503,"Rapla county"
"märjamaa vald","avg_wage","2024",1470,"EE009","EE006",503,"Rapla county"
"märjamaa vald","employees","2021",2113,"EE009","EE006",503,"Rapla county"
"märjamaa vald","employees","2022",2129,"EE009","EE006",503,"Rapla county"
"märjamaa vald","employees","2023",2096,"EE009","EE006",503,"Rapla county"
"märjamaa vald","employees","2024",2051,"EE009","EE006",503,"Rapla county"
"märjamaa vald","median_wage","2021",986,"EE009","EE006",503,"Rapla county"
"märjamaa vald","median_wage","2022",1087,"EE009","EE006",503,"Rapla county"
"märjamaa vald","median_wage","2023",1181,"EE009","EE006",503,"Rapla county"
"märjamaa vald","median_wage","2024",1270,"EE009","EE006",503,"Rapla county"
"märjamaa vald","%change","2021",NA,"EE009","EE006",503,"Rapla county"
"märjamaa vald","%change","2022",9.4,"EE009","EE006",503,"Rapla county"
"märjamaa vald","%change","2023",10.7,"EE009","EE006",503,"Rapla county"
"märjamaa vald","%change","2024",7.4,"EE009","EE006",503,"Rapla county"
"narva linn","avg_wage","2021",1033,"EE00A","EE007",511,"Ida-Viru county"
"narva linn","avg_wage","2022",1158,"EE00A","EE007",511,"Ida-Viru county"
"narva linn","avg_wage","2023",1311,"EE00A","EE007",511,"Ida-Viru county"
"narva linn","avg_wage","2024",1450,"EE00A","EE007",511,"Ida-Viru county"
"narva linn","employees","2021",14895,"EE00A","EE007",511,"Ida-Viru county"
"narva linn","employees","2022",15282,"EE00A","EE007",511,"Ida-Viru county"
"narva linn","employees","2023",14767,"EE00A","EE007",511,"Ida-Viru county"
"narva linn","employees","2024",13992,"EE00A","EE007",511,"Ida-Viru county"
"narva linn","median_wage","2021",804,"EE00A","EE007",511,"Ida-Viru county"
"narva linn","median_wage","2022",910,"EE00A","EE007",511,"Ida-Viru county"
"narva linn","median_wage","2023",1036,"EE00A","EE007",511,"Ida-Viru county"
"narva linn","median_wage","2024",1146,"EE00A","EE007",511,"Ida-Viru county"
"narva linn","%change","2021",NA,"EE00A","EE007",511,"Ida-Viru county"
"narva linn","%change","2022",12.1,"EE00A","EE007",511,"Ida-Viru county"
"narva linn","%change","2023",13.2,"EE00A","EE007",511,"Ida-Viru county"
"narva linn","%change","2024",10.6,"EE00A","EE007",511,"Ida-Viru county"
"narva-jõesuu linn","avg_wage","2021",NA,"EE00A","EE007",514,"Ida-Viru county"
"narva-jõesuu linn","avg_wage","2022",NA,"EE00A","EE007",514,"Ida-Viru county"
"narva-jõesuu linn","avg_wage","2023",1765,"EE00A","EE007",514,"Ida-Viru county"
"narva-jõesuu linn","avg_wage","2024",1860,"EE00A","EE007",514,"Ida-Viru county"
"narva-jõesuu linn","employees","2021",NA,"EE00A","EE007",514,"Ida-Viru county"
"narva-jõesuu linn","employees","2022",NA,"EE00A","EE007",514,"Ida-Viru county"
"narva-jõesuu linn","employees","2023",2983,"EE00A","EE007",514,"Ida-Viru county"
"narva-jõesuu linn","employees","2024",3020,"EE00A","EE007",514,"Ida-Viru county"
"narva-jõesuu linn","median_wage","2021",NA,"EE00A","EE007",514,"Ida-Viru county"
"narva-jõesuu linn","median_wage","2022",NA,"EE00A","EE007",514,"Ida-Viru county"
"narva-jõesuu linn","median_wage","2023",1640,"EE00A","EE007",514,"Ida-Viru county"
"narva-jõesuu linn","median_wage","2024",1746,"EE00A","EE007",514,"Ida-Viru county"
"narva-jõesuu linn","%change","2021",NA,"EE00A","EE007",514,"Ida-Viru county"
"narva-jõesuu linn","%change","2022",NA,"EE00A","EE007",514,"Ida-Viru county"
"narva-jõesuu linn","%change","2023",NA,"EE00A","EE007",514,"Ida-Viru county"
"narva-jõesuu linn","%change","2024",5.3,"EE00A","EE007",514,"Ida-Viru county"
"narva-jõesuu linn, until 2022","avg_wage","2021",1377,NA,NA,NA,NA
"narva-jõesuu linn, until 2022","avg_wage","2022",1588,NA,NA,NA,NA
"narva-jõesuu linn, until 2022","avg_wage","2023",NA,NA,NA,NA,NA
"narva-jõesuu linn, until 2022","avg_wage","2024",NA,NA,NA,NA,NA
"narva-jõesuu linn, until 2022","employees","2021",2561,NA,NA,NA,NA
"narva-jõesuu linn, until 2022","employees","2022",2653,NA,NA,NA,NA
"narva-jõesuu linn, until 2022","employees","2023",NA,NA,NA,NA,NA
"narva-jõesuu linn, until 2022","employees","2024",NA,NA,NA,NA,NA
"narva-jõesuu linn, until 2022","median_wage","2021",1300,NA,NA,NA,NA
"narva-jõesuu linn, until 2022","median_wage","2022",1472,NA,NA,NA,NA
"narva-jõesuu linn, until 2022","median_wage","2023",NA,NA,NA,NA,NA
"narva-jõesuu linn, until 2022","median_wage","2024",NA,NA,NA,NA,NA
"narva-jõesuu linn, until 2022","%change","2021",NA,NA,NA,NA,NA
"narva-jõesuu linn, until 2022","%change","2022",15.3,NA,NA,NA,NA
"narva-jõesuu linn, until 2022","%change","2023",NA,NA,NA,NA,NA
"narva-jõesuu linn, until 2022","%change","2024",NA,NA,NA,NA,NA
"nõo vald","avg_wage","2021",1213,"EE008","EE008",528,"Tartu county"
"nõo vald","avg_wage","2022",1304,"EE008","EE008",528,"Tartu county"
"nõo vald","avg_wage","2023",1470,"EE008","EE008",528,"Tartu county"
"nõo vald","avg_wage","2024",1608,"EE008","EE008",528,"Tartu county"
"nõo vald","employees","2021",1080,"EE008","EE008",528,"Tartu county"
"nõo vald","employees","2022",1201,"EE008","EE008",528,"Tartu county"
"nõo vald","employees","2023",1188,"EE008","EE008",528,"Tartu county"
"nõo vald","employees","2024",1115,"EE008","EE008",528,"Tartu county"
"nõo vald","median_wage","2021",1083,"EE008","EE008",528,"Tartu county"
"nõo vald","median_wage","2022",1160,"EE008","EE008",528,"Tartu county"
"nõo vald","median_wage","2023",1345,"EE008","EE008",528,"Tartu county"
"nõo vald","median_wage","2024",1465,"EE008","EE008",528,"Tartu county"
"nõo vald","%change","2021",NA,"EE008","EE008",528,"Tartu county"
"nõo vald","%change","2022",7.5,"EE008","EE008",528,"Tartu county"
"nõo vald","%change","2023",12.7,"EE008","EE008",528,"Tartu county"
"nõo vald","%change","2024",9.4,"EE008","EE008",528,"Tartu county"
"otepää vald","avg_wage","2021",1125,"EE008","EE008",557,"Valga county"
"otepää vald","avg_wage","2022",1211,"EE008","EE008",557,"Valga county"
"otepää vald","avg_wage","2023",1390,"EE008","EE008",557,"Valga county"
"otepää vald","avg_wage","2024",1504,"EE008","EE008",557,"Valga county"
"otepää vald","employees","2021",2266,"EE008","EE008",557,"Valga county"
"otepää vald","employees","2022",2378,"EE008","EE008",557,"Valga county"
"otepää vald","employees","2023",2236,"EE008","EE008",557,"Valga county"
"otepää vald","employees","2024",2215,"EE008","EE008",557,"Valga county"
"otepää vald","median_wage","2021",1000,"EE008","EE008",557,"Valga county"
"otepää vald","median_wage","2022",1061,"EE008","EE008",557,"Valga county"
"otepää vald","median_wage","2023",1238,"EE008","EE008",557,"Valga county"
"otepää vald","median_wage","2024",1333,"EE008","EE008",557,"Valga county"
"otepää vald","%change","2021",NA,"EE008","EE008",557,"Valga county"
"otepää vald","%change","2022",7.7,"EE008","EE008",557,"Valga county"
"otepää vald","%change","2023",14.8,"EE008","EE008",557,"Valga county"
"otepää vald","%change","2024",8.2,"EE008","EE008",557,"Valga county"
"paide linn","avg_wage","2021",1302,"EE009","EE006",567,"Järva county"
"paide linn","avg_wage","2022",1419,"EE009","EE006",567,"Järva county"
"paide linn","avg_wage","2023",1568,"EE009","EE006",567,"Järva county"
"paide linn","avg_wage","2024",1682,"EE009","EE006",567,"Järva county"
"paide linn","employees","2021",5055,"EE009","EE006",567,"Järva county"
"paide linn","employees","2022",5082,"EE009","EE006",567,"Järva county"
"paide linn","employees","2023",4972,"EE009","EE006",567,"Järva county"
"paide linn","employees","2024",4852,"EE009","EE006",567,"Järva county"
"paide linn","median_wage","2021",1133,"EE009","EE006",567,"Järva county"
"paide linn","median_wage","2022",1252,"EE009","EE006",567,"Järva county"
"paide linn","median_wage","2023",1400,"EE009","EE006",567,"Järva county"
"paide linn","median_wage","2024",1494,"EE009","EE006",567,"Järva county"
"paide linn","%change","2021",NA,"EE009","EE006",567,"Järva county"
"paide linn","%change","2022",9,"EE009","EE006",567,"Järva county"
"paide linn","%change","2023",10.5,"EE009","EE006",567,"Järva county"
"paide linn","%change","2024",7.3,"EE009","EE006",567,"Järva county"
"peipsiääre vald","avg_wage","2021",1037,"EE008","EE008",586,"Tartu county"
"peipsiääre vald","avg_wage","2022",1172,"EE008","EE008",586,"Tartu county"
"peipsiääre vald","avg_wage","2023",1299,"EE008","EE008",586,"Tartu county"
"peipsiääre vald","avg_wage","2024",1424,"EE008","EE008",586,"Tartu county"
"peipsiääre vald","employees","2021",1013,"EE008","EE008",586,"Tartu county"
"peipsiääre vald","employees","2022",997,"EE008","EE008",586,"Tartu county"
"peipsiääre vald","employees","2023",1004,"EE008","EE008",586,"Tartu county"
"peipsiääre vald","employees","2024",1022,"EE008","EE008",586,"Tartu county"
"peipsiääre vald","median_wage","2021",887,"EE008","EE008",586,"Tartu county"
"peipsiääre vald","median_wage","2022",1000,"EE008","EE008",586,"Tartu county"
"peipsiääre vald","median_wage","2023",1129,"EE008","EE008",586,"Tartu county"
"peipsiääre vald","median_wage","2024",1223,"EE008","EE008",586,"Tartu county"
"peipsiääre vald","%change","2021",NA,"EE008","EE008",586,"Tartu county"
"peipsiääre vald","%change","2022",13.1,"EE008","EE008",586,"Tartu county"
"peipsiääre vald","%change","2023",10.8,"EE008","EE008",586,"Tartu county"
"peipsiääre vald","%change","2024",9.6,"EE008","EE008",586,"Tartu county"
"pärnu linn","avg_wage","2021",1215,"EE004","EE004",624,"Pärnu county"
"pärnu linn","avg_wage","2022",1355,"EE004","EE004",624,"Pärnu county"
"pärnu linn","avg_wage","2023",1504,"EE004","EE004",624,"Pärnu county"
"pärnu linn","avg_wage","2024",1629,"EE004","EE004",624,"Pärnu county"
"pärnu linn","employees","2021",23848,"EE004","EE004",624,"Pärnu county"
"pärnu linn","employees","2022",24647,"EE004","EE004",624,"Pärnu county"
"pärnu linn","employees","2023",24536,"EE004","EE004",624,"Pärnu county"
"pärnu linn","employees","2024",24134,"EE004","EE004",624,"Pärnu county"
"pärnu linn","median_wage","2021",1030,"EE004","EE004",624,"Pärnu county"
"pärnu linn","median_wage","2022",1161,"EE004","EE004",624,"Pärnu county"
"pärnu linn","median_wage","2023",1274,"EE004","EE004",624,"Pärnu county"
"pärnu linn","median_wage","2024",1373,"EE004","EE004",624,"Pärnu county"
"pärnu linn","%change","2021",NA,"EE004","EE004",624,"Pärnu county"
"pärnu linn","%change","2022",11.5,"EE004","EE004",624,"Pärnu county"
"pärnu linn","%change","2023",11,"EE004","EE004",624,"Pärnu county"
"pärnu linn","%change","2024",8.3,"EE004","EE004",624,"Pärnu county"
"põhja-pärnumaa vald","avg_wage","2021",NA,"EE004","EE004",638,"Pärnu county"
"põhja-pärnumaa vald","avg_wage","2022",NA,"EE004","EE004",638,"Pärnu county"
"põhja-pärnumaa vald","avg_wage","2023",NA,"EE004","EE004",638,"Pärnu county"
"põhja-pärnumaa vald","avg_wage","2024",NA,"EE004","EE004",638,"Pärnu county"
"põhja-pärnumaa vald","employees","2021",NA,"EE004","EE004",638,"Pärnu county"
"põhja-pärnumaa vald","employees","2022",NA,"EE004","EE004",638,"Pärnu county"
"põhja-pärnumaa vald","employees","2023",NA,"EE004","EE004",638,"Pärnu county"
"põhja-pärnumaa vald","employees","2024",NA,"EE004","EE004",638,"Pärnu county"
"põhja-pärnumaa vald","median_wage","2021",NA,"EE004","EE004",638,"Pärnu county"
"põhja-pärnumaa vald","median_wage","2022",NA,"EE004","EE004",638,"Pärnu county"
"põhja-pärnumaa vald","median_wage","2023",NA,"EE004","EE004",638,"Pärnu county"
"põhja-pärnumaa vald","median_wage","2024",NA,"EE004","EE004",638,"Pärnu county"
"põhja-pärnumaa vald","%change","2021",NA,"EE004","EE004",638,"Pärnu county"
"põhja-pärnumaa vald","%change","2022",NA,"EE004","EE004",638,"Pärnu county"
"põhja-pärnumaa vald","%change","2023",NA,"EE004","EE004",638,"Pärnu county"
"põhja-pärnumaa vald","%change","2024",NA,"EE004","EE004",638,"Pärnu county"
"põhja-pärnumaa vald, until 2024","avg_wage","2021",1104,NA,NA,NA,NA
"põhja-pärnumaa vald, until 2024","avg_wage","2022",1230,NA,NA,NA,NA
"põhja-pärnumaa vald, until 2024","avg_wage","2023",1390,NA,NA,NA,NA
"põhja-pärnumaa vald, until 2024","avg_wage","2024",1460,NA,NA,NA,NA
"põhja-pärnumaa vald, until 2024","employees","2021",2143,NA,NA,NA,NA
"põhja-pärnumaa vald, until 2024","employees","2022",2210,NA,NA,NA,NA
"põhja-pärnumaa vald, until 2024","employees","2023",2217,NA,NA,NA,NA
"põhja-pärnumaa vald, until 2024","employees","2024",2391,NA,NA,NA,NA
"põhja-pärnumaa vald, until 2024","median_wage","2021",986,NA,NA,NA,NA
"põhja-pärnumaa vald, until 2024","median_wage","2022",1102,NA,NA,NA,NA
"põhja-pärnumaa vald, until 2024","median_wage","2023",1228,NA,NA,NA,NA
"põhja-pärnumaa vald, until 2024","median_wage","2024",1300,NA,NA,NA,NA
"põhja-pärnumaa vald, until 2024","%change","2021",NA,NA,NA,NA,NA
"põhja-pärnumaa vald, until 2024","%change","2022",11.4,NA,NA,NA,NA
"põhja-pärnumaa vald, until 2024","%change","2023",13,NA,NA,NA,NA
"põhja-pärnumaa vald, until 2024","%change","2024",5.1,NA,NA,NA,NA
"põhja-sakala vald","avg_wage","2021",1190,"EE008","EE008",615,"Viljandi county"
"põhja-sakala vald","avg_wage","2022",1296,"EE008","EE008",615,"Viljandi county"
"põhja-sakala vald","avg_wage","2023",1415,"EE008","EE008",615,"Viljandi county"
"põhja-sakala vald","avg_wage","2024",1499,"EE008","EE008",615,"Viljandi county"
"põhja-sakala vald","employees","2021",2141,"EE008","EE008",615,"Viljandi county"
"põhja-sakala vald","employees","2022",2153,"EE008","EE008",615,"Viljandi county"
"põhja-sakala vald","employees","2023",2094,"EE008","EE008",615,"Viljandi county"
"põhja-sakala vald","employees","2024",2102,"EE008","EE008",615,"Viljandi county"
"põhja-sakala vald","median_wage","2021",1014,"EE008","EE008",615,"Viljandi county"
"põhja-sakala vald","median_wage","2022",1118,"EE008","EE008",615,"Viljandi county"
"põhja-sakala vald","median_wage","2023",1208,"EE008","EE008",615,"Viljandi county"
"põhja-sakala vald","median_wage","2024",1294,"EE008","EE008",615,"Viljandi county"
"põhja-sakala vald","%change","2021",NA,"EE008","EE008",615,"Viljandi county"
"põhja-sakala vald","%change","2022",8.9,"EE008","EE008",615,"Viljandi county"
"põhja-sakala vald","%change","2023",9.1,"EE008","EE008",615,"Viljandi county"
"põhja-sakala vald","%change","2024",5.9,"EE008","EE008",615,"Viljandi county"
"põltsamaa vald","avg_wage","2021",1182,"EE008","EE008",618,"Jõgeva county"
"põltsamaa vald","avg_wage","2022",1297,"EE008","EE008",618,"Jõgeva county"
"põltsamaa vald","avg_wage","2023",1404,"EE008","EE008",618,"Jõgeva county"
"põltsamaa vald","avg_wage","2024",1547,"EE008","EE008",618,"Jõgeva county"
"põltsamaa vald","employees","2021",3051,"EE008","EE008",618,"Jõgeva county"
"põltsamaa vald","employees","2022",2994,"EE008","EE008",618,"Jõgeva county"
"põltsamaa vald","employees","2023",2940,"EE008","EE008",618,"Jõgeva county"
"põltsamaa vald","employees","2024",2789,"EE008","EE008",618,"Jõgeva county"
"põltsamaa vald","median_wage","2021",1037,"EE008","EE008",618,"Jõgeva county"
"põltsamaa vald","median_wage","2022",1167,"EE008","EE008",618,"Jõgeva county"
"põltsamaa vald","median_wage","2023",1266,"EE008","EE008",618,"Jõgeva county"
"põltsamaa vald","median_wage","2024",1399,"EE008","EE008",618,"Jõgeva county"
"põltsamaa vald","%change","2021",NA,"EE008","EE008",618,"Jõgeva county"
"põltsamaa vald","%change","2022",9.7,"EE008","EE008",618,"Jõgeva county"
"põltsamaa vald","%change","2023",8.2,"EE008","EE008",618,"Jõgeva county"
"põltsamaa vald","%change","2024",10.1,"EE008","EE008",618,"Jõgeva county"
"põlva vald","avg_wage","2021",1189,"EE008","EE008",622,"Põlva county"
"põlva vald","avg_wage","2022",1316,"EE008","EE008",622,"Põlva county"
"põlva vald","avg_wage","2023",1457,"EE008","EE008",622,"Põlva county"
"põlva vald","avg_wage","2024",1572,"EE008","EE008",622,"Põlva county"
"põlva vald","employees","2021",4457,"EE008","EE008",622,"Põlva county"
"põlva vald","employees","2022",4503,"EE008","EE008",622,"Põlva county"
"põlva vald","employees","2023",4394,"EE008","EE008",622,"Põlva county"
"põlva vald","employees","2024",4432,"EE008","EE008",622,"Põlva county"
"põlva vald","median_wage","2021",1043,"EE008","EE008",622,"Põlva county"
"põlva vald","median_wage","2022",1167,"EE008","EE008",622,"Põlva county"
"põlva vald","median_wage","2023",1270,"EE008","EE008",622,"Põlva county"
"põlva vald","median_wage","2024",1372,"EE008","EE008",622,"Põlva county"
"põlva vald","%change","2021",NA,"EE008","EE008",622,"Põlva county"
"põlva vald","%change","2022",10.6,"EE008","EE008",622,"Põlva county"
"põlva vald","%change","2023",10.7,"EE008","EE008",622,"Põlva county"
"põlva vald","%change","2024",7.9,"EE008","EE008",622,"Põlva county"
"raasiku vald","avg_wage","2021",1289,"EE001","EE001",651,"Harju county"
"raasiku vald","avg_wage","2022",1424,"EE001","EE001",651,"Harju county"
"raasiku vald","avg_wage","2023",1612,"EE001","EE001",651,"Harju county"
"raasiku vald","avg_wage","2024",1752,"EE001","EE001",651,"Harju county"
"raasiku vald","employees","2021",1458,"EE001","EE001",651,"Harju county"
"raasiku vald","employees","2022",1505,"EE001","EE001",651,"Harju county"
"raasiku vald","employees","2023",1436,"EE001","EE001",651,"Harju county"
"raasiku vald","employees","2024",1527,"EE001","EE001",651,"Harju county"
"raasiku vald","median_wage","2021",1125,"EE001","EE001",651,"Harju county"
"raasiku vald","median_wage","2022",1244,"EE001","EE001",651,"Harju county"
"raasiku vald","median_wage","2023",1411,"EE001","EE001",651,"Harju county"
"raasiku vald","median_wage","2024",1523,"EE001","EE001",651,"Harju county"
"raasiku vald","%change","2021",NA,"EE001","EE001",651,"Harju county"
"raasiku vald","%change","2022",10.5,"EE001","EE001",651,"Harju county"
"raasiku vald","%change","2023",13.2,"EE001","EE001",651,"Harju county"
"raasiku vald","%change","2024",8.7,"EE001","EE001",651,"Harju county"
"rae vald","avg_wage","2021",1634,"EE001","EE001",653,"Harju county"
"rae vald","avg_wage","2022",1801,"EE001","EE001",653,"Harju county"
"rae vald","avg_wage","2023",1961,"EE001","EE001",653,"Harju county"
"rae vald","avg_wage","2024",2082,"EE001","EE001",653,"Harju county"
"rae vald","employees","2021",18866,"EE001","EE001",653,"Harju county"
"rae vald","employees","2022",19803,"EE001","EE001",653,"Harju county"
"rae vald","employees","2023",20184,"EE001","EE001",653,"Harju county"
"rae vald","employees","2024",20422,"EE001","EE001",653,"Harju county"
"rae vald","median_wage","2021",1396,"EE001","EE001",653,"Harju county"
"rae vald","median_wage","2022",1539,"EE001","EE001",653,"Harju county"
"rae vald","median_wage","2023",1695,"EE001","EE001",653,"Harju county"
"rae vald","median_wage","2024",1798,"EE001","EE001",653,"Harju county"
"rae vald","%change","2021",NA,"EE001","EE001",653,"Harju county"
"rae vald","%change","2022",10.2,"EE001","EE001",653,"Harju county"
"rae vald","%change","2023",8.8,"EE001","EE001",653,"Harju county"
"rae vald","%change","2024",6.2,"EE001","EE001",653,"Harju county"
"rakvere linn","avg_wage","2021",1203,"EE009","EE006",663,"Lääne-Viru county"
"rakvere linn","avg_wage","2022",1332,"EE009","EE006",663,"Lääne-Viru county"
"rakvere linn","avg_wage","2023",1482,"EE009","EE006",663,"Lääne-Viru county"
"rakvere linn","avg_wage","2024",1593,"EE009","EE006",663,"Lääne-Viru county"
"rakvere linn","employees","2021",7323,"EE009","EE006",663,"Lääne-Viru county"
"rakvere linn","employees","2022",7436,"EE009","EE006",663,"Lääne-Viru county"
"rakvere linn","employees","2023",7279,"EE009","EE006",663,"Lääne-Viru county"
"rakvere linn","employees","2024",7189,"EE009","EE006",663,"Lääne-Viru county"
"rakvere linn","median_wage","2021",1009,"EE009","EE006",663,"Lääne-Viru county"
"rakvere linn","median_wage","2022",1147,"EE009","EE006",663,"Lääne-Viru county"
"rakvere linn","median_wage","2023",1270,"EE009","EE006",663,"Lääne-Viru county"
"rakvere linn","median_wage","2024",1368,"EE009","EE006",663,"Lääne-Viru county"
"rakvere linn","%change","2021",NA,"EE009","EE006",663,"Lääne-Viru county"
"rakvere linn","%change","2022",10.8,"EE009","EE006",663,"Lääne-Viru county"
"rakvere linn","%change","2023",11.2,"EE009","EE006",663,"Lääne-Viru county"
"rakvere linn","%change","2024",7.5,"EE009","EE006",663,"Lääne-Viru county"
"rakvere vald","avg_wage","2021",1171,"EE009","EE006",661,"Lääne-Viru county"
"rakvere vald","avg_wage","2022",1277,"EE009","EE006",661,"Lääne-Viru county"
"rakvere vald","avg_wage","2023",1411,"EE009","EE006",661,"Lääne-Viru county"
"rakvere vald","avg_wage","2024",1467,"EE009","EE006",661,"Lääne-Viru county"
"rakvere vald","employees","2021",3737,"EE009","EE006",661,"Lääne-Viru county"
"rakvere vald","employees","2022",3744,"EE009","EE006",661,"Lääne-Viru county"
"rakvere vald","employees","2023",3683,"EE009","EE006",661,"Lääne-Viru county"
"rakvere vald","employees","2024",3541,"EE009","EE006",661,"Lääne-Viru county"
"rakvere vald","median_wage","2021",1047,"EE009","EE006",661,"Lääne-Viru county"
"rakvere vald","median_wage","2022",1137,"EE009","EE006",661,"Lääne-Viru county"
"rakvere vald","median_wage","2023",1230,"EE009","EE006",661,"Lääne-Viru county"
"rakvere vald","median_wage","2024",1276,"EE009","EE006",661,"Lääne-Viru county"
"rakvere vald","%change","2021",NA,"EE009","EE006",661,"Lääne-Viru county"
"rakvere vald","%change","2022",9.1,"EE009","EE006",661,"Lääne-Viru county"
"rakvere vald","%change","2023",10.5,"EE009","EE006",661,"Lääne-Viru county"
"rakvere vald","%change","2024",4,"EE009","EE006",661,"Lääne-Viru county"
"rapla vald","avg_wage","2021",1214,"EE009","EE006",668,"Rapla county"
"rapla vald","avg_wage","2022",1334,"EE009","EE006",668,"Rapla county"
"rapla vald","avg_wage","2023",1478,"EE009","EE006",668,"Rapla county"
"rapla vald","avg_wage","2024",1584,"EE009","EE006",668,"Rapla county"
"rapla vald","employees","2021",4902,"EE009","EE006",668,"Rapla county"
"rapla vald","employees","2022",4997,"EE009","EE006",668,"Rapla county"
"rapla vald","employees","2023",4851,"EE009","EE006",668,"Rapla county"
"rapla vald","employees","2024",4756,"EE009","EE006",668,"Rapla county"
"rapla vald","median_wage","2021",1066,"EE009","EE006",668,"Rapla county"
"rapla vald","median_wage","2022",1174,"EE009","EE006",668,"Rapla county"
"rapla vald","median_wage","2023",1300,"EE009","EE006",668,"Rapla county"
"rapla vald","median_wage","2024",1385,"EE009","EE006",668,"Rapla county"
"rapla vald","%change","2021",NA,"EE009","EE006",668,"Rapla county"
"rapla vald","%change","2022",9.9,"EE009","EE006",668,"Rapla county"
"rapla vald","%change","2023",10.7,"EE009","EE006",668,"Rapla county"
"rapla vald","%change","2024",7.2,"EE009","EE006",668,"Rapla county"
"ruhnu vald","avg_wage","2021",1276,"EE004","EE004",689,"Saare county"
"ruhnu vald","avg_wage","2022",1313,"EE004","EE004",689,"Saare county"
"ruhnu vald","avg_wage","2023",1453,"EE004","EE004",689,"Saare county"
"ruhnu vald","avg_wage","2024",1469,"EE004","EE004",689,"Saare county"
"ruhnu vald","employees","2021",34,"EE004","EE004",689,"Saare county"
"ruhnu vald","employees","2022",33,"EE004","EE004",689,"Saare county"
"ruhnu vald","employees","2023",38,"EE004","EE004",689,"Saare county"
"ruhnu vald","employees","2024",36,"EE004","EE004",689,"Saare county"
"ruhnu vald","median_wage","2021",1232,"EE004","EE004",689,"Saare county"
"ruhnu vald","median_wage","2022",1290,"EE004","EE004",689,"Saare county"
"ruhnu vald","median_wage","2023",1346,"EE004","EE004",689,"Saare county"
"ruhnu vald","median_wage","2024",1387,"EE004","EE004",689,"Saare county"
"ruhnu vald","%change","2021",NA,"EE004","EE004",689,"Saare county"
"ruhnu vald","%change","2022",2.9,"EE004","EE004",689,"Saare county"
"ruhnu vald","%change","2023",10.6,"EE004","EE004",689,"Saare county"
"ruhnu vald","%change","2024",1.1,"EE004","EE004",689,"Saare county"
"räpina vald","avg_wage","2021",1123,"EE008","EE008",708,"Põlva county"
"räpina vald","avg_wage","2022",1221,"EE008","EE008",708,"Põlva county"
"räpina vald","avg_wage","2023",1356,"EE008","EE008",708,"Põlva county"
"räpina vald","avg_wage","2024",1474,"EE008","EE008",708,"Põlva county"
"räpina vald","employees","2021",1662,"EE008","EE008",708,"Põlva county"
"räpina vald","employees","2022",1643,"EE008","EE008",708,"Põlva county"
"räpina vald","employees","2023",1521,"EE008","EE008",708,"Põlva county"
"räpina vald","employees","2024",1520,"EE008","EE008",708,"Põlva county"
"räpina vald","median_wage","2021",954,"EE008","EE008",708,"Põlva county"
"räpina vald","median_wage","2022",1041,"EE008","EE008",708,"Põlva county"
"räpina vald","median_wage","2023",1161,"EE008","EE008",708,"Põlva county"
"räpina vald","median_wage","2024",1270,"EE008","EE008",708,"Põlva county"
"räpina vald","%change","2021",NA,"EE008","EE008",708,"Põlva county"
"räpina vald","%change","2022",8.8,"EE008","EE008",708,"Põlva county"
"räpina vald","%change","2023",11,"EE008","EE008",708,"Põlva county"
"räpina vald","%change","2024",8.7,"EE008","EE008",708,"Põlva county"
"rõuge vald","avg_wage","2021",936,"EE008","EE008",698,"Võru county"
"rõuge vald","avg_wage","2022",1043,"EE008","EE008",698,"Võru county"
"rõuge vald","avg_wage","2023",1141,"EE008","EE008",698,"Võru county"
"rõuge vald","avg_wage","2024",1239,"EE008","EE008",698,"Võru county"
"rõuge vald","employees","2021",1000,"EE008","EE008",698,"Võru county"
"rõuge vald","employees","2022",999,"EE008","EE008",698,"Võru county"
"rõuge vald","employees","2023",929,"EE008","EE008",698,"Võru county"
"rõuge vald","employees","2024",950,"EE008","EE008",698,"Võru county"
"rõuge vald","median_wage","2021",820,"EE008","EE008",698,"Võru county"
"rõuge vald","median_wage","2022",905,"EE008","EE008",698,"Võru county"
"rõuge vald","median_wage","2023",991,"EE008","EE008",698,"Võru county"
"rõuge vald","median_wage","2024",1092,"EE008","EE008",698,"Võru county"
"rõuge vald","%change","2021",NA,"EE008","EE008",698,"Võru county"
"rõuge vald","%change","2022",11.4,"EE008","EE008",698,"Võru county"
"rõuge vald","%change","2023",9.4,"EE008","EE008",698,"Võru county"
"rõuge vald","%change","2024",8.6,"EE008","EE008",698,"Võru county"
"saarde vald","avg_wage","2021",1145,"EE004","EE004",712,"Pärnu county"
"saarde vald","avg_wage","2022",1277,"EE004","EE004",712,"Pärnu county"
"saarde vald","avg_wage","2023",1412,"EE004","EE004",712,"Pärnu county"
"saarde vald","avg_wage","2024",1541,"EE004","EE004",712,"Pärnu county"
"saarde vald","employees","2021",998,"EE004","EE004",712,"Pärnu county"
"saarde vald","employees","2022",978,"EE004","EE004",712,"Pärnu county"
"saarde vald","employees","2023",983,"EE004","EE004",712,"Pärnu county"
"saarde vald","employees","2024",943,"EE004","EE004",712,"Pärnu county"
"saarde vald","median_wage","2021",1000,"EE004","EE004",712,"Pärnu county"
"saarde vald","median_wage","2022",1125,"EE004","EE004",712,"Pärnu county"
"saarde vald","median_wage","2023",1236,"EE004","EE004",712,"Pärnu county"
"saarde vald","median_wage","2024",1347,"EE004","EE004",712,"Pärnu county"
"saarde vald","%change","2021",NA,"EE004","EE004",712,"Pärnu county"
"saarde vald","%change","2022",11.5,"EE004","EE004",712,"Pärnu county"
"saarde vald","%change","2023",10.5,"EE004","EE004",712,"Pärnu county"
"saarde vald","%change","2024",9.2,"EE004","EE004",712,"Pärnu county"
"saaremaa vald","avg_wage","2021",1148,"EE004","EE004",714,"Saare county"
"saaremaa vald","avg_wage","2022",1263,"EE004","EE004",714,"Saare county"
"saaremaa vald","avg_wage","2023",1400,"EE004","EE004",714,"Saare county"
"saaremaa vald","avg_wage","2024",1523,"EE004","EE004",714,"Saare county"
"saaremaa vald","employees","2021",11048,"EE004","EE004",714,"Saare county"
"saaremaa vald","employees","2022",11307,"EE004","EE004",714,"Saare county"
"saaremaa vald","employees","2023",11061,"EE004","EE004",714,"Saare county"
"saaremaa vald","employees","2024",10982,"EE004","EE004",714,"Saare county"
"saaremaa vald","median_wage","2021",1000,"EE004","EE004",714,"Saare county"
"saaremaa vald","median_wage","2022",1100,"EE004","EE004",714,"Saare county"
"saaremaa vald","median_wage","2023",1208,"EE004","EE004",714,"Saare county"
"saaremaa vald","median_wage","2024",1309,"EE004","EE004",714,"Saare county"
"saaremaa vald","%change","2021",NA,"EE004","EE004",714,"Saare county"
"saaremaa vald","%change","2022",10,"EE004","EE004",714,"Saare county"
"saaremaa vald","%change","2023",10.9,"EE004","EE004",714,"Saare county"
"saaremaa vald","%change","2024",8.8,"EE004","EE004",714,"Saare county"
"saku vald","avg_wage","2021",1566,"EE001","EE001",718,"Harju county"
"saku vald","avg_wage","2022",1717,"EE001","EE001",718,"Harju county"
"saku vald","avg_wage","2023",1879,"EE001","EE001",718,"Harju county"
"saku vald","avg_wage","2024",1983,"EE001","EE001",718,"Harju county"
"saku vald","employees","2021",5461,"EE001","EE001",718,"Harju county"
"saku vald","employees","2022",5641,"EE001","EE001",718,"Harju county"
"saku vald","employees","2023",5651,"EE001","EE001",718,"Harju county"
"saku vald","employees","2024",5730,"EE001","EE001",718,"Harju county"
"saku vald","median_wage","2021",1332,"EE001","EE001",718,"Harju county"
"saku vald","median_wage","2022",1454,"EE001","EE001",718,"Harju county"
"saku vald","median_wage","2023",1632,"EE001","EE001",718,"Harju county"
"saku vald","median_wage","2024",1724,"EE001","EE001",718,"Harju county"
"saku vald","%change","2021",NA,"EE001","EE001",718,"Harju county"
"saku vald","%change","2022",9.6,"EE001","EE001",718,"Harju county"
"saku vald","%change","2023",9.4,"EE001","EE001",718,"Harju county"
"saku vald","%change","2024",5.5,"EE001","EE001",718,"Harju county"
"saue vald","avg_wage","2021",1433,"EE001","EE001",726,"Harju county"
"saue vald","avg_wage","2022",1576,"EE001","EE001",726,"Harju county"
"saue vald","avg_wage","2023",1733,"EE001","EE001",726,"Harju county"
"saue vald","avg_wage","2024",1875,"EE001","EE001",726,"Harju county"
"saue vald","employees","2021",8251,"EE001","EE001",726,"Harju county"
"saue vald","employees","2022",8522,"EE001","EE001",726,"Harju county"
"saue vald","employees","2023",8456,"EE001","EE001",726,"Harju county"
"saue vald","employees","2024",8477,"EE001","EE001",726,"Harju county"
"saue vald","median_wage","2021",1257,"EE001","EE001",726,"Harju county"
"saue vald","median_wage","2022",1388,"EE001","EE001",726,"Harju county"
"saue vald","median_wage","2023",1532,"EE001","EE001",726,"Harju county"
"saue vald","median_wage","2024",1655,"EE001","EE001",726,"Harju county"
"saue vald","%change","2021",NA,"EE001","EE001",726,"Harju county"
"saue vald","%change","2022",10,"EE001","EE001",726,"Harju county"
"saue vald","%change","2023",10,"EE001","EE001",726,"Harju county"
"saue vald","%change","2024",8.2,"EE001","EE001",726,"Harju county"
"setomaa vald","avg_wage","2021",1073,"EE008","EE008",732,"Võru county"
"setomaa vald","avg_wage","2022",1186,"EE008","EE008",732,"Võru county"
"setomaa vald","avg_wage","2023",1345,"EE008","EE008",732,"Võru county"
"setomaa vald","avg_wage","2024",1421,"EE008","EE008",732,"Võru county"
"setomaa vald","employees","2021",908,"EE008","EE008",732,"Võru county"
"setomaa vald","employees","2022",880,"EE008","EE008",732,"Võru county"
"setomaa vald","employees","2023",885,"EE008","EE008",732,"Võru county"
"setomaa vald","employees","2024",909,"EE008","EE008",732,"Võru county"
"setomaa vald","median_wage","2021",912,"EE008","EE008",732,"Võru county"
"setomaa vald","median_wage","2022",1020,"EE008","EE008",732,"Võru county"
"setomaa vald","median_wage","2023",1167,"EE008","EE008",732,"Võru county"
"setomaa vald","median_wage","2024",1200,"EE008","EE008",732,"Võru county"
"setomaa vald","%change","2021",NA,"EE008","EE008",732,"Võru county"
"setomaa vald","%change","2022",10.5,"EE008","EE008",732,"Võru county"
"setomaa vald","%change","2023",13.5,"EE008","EE008",732,"Võru county"
"setomaa vald","%change","2024",5.6,"EE008","EE008",732,"Võru county"
"sillamäe linn","avg_wage","2021",NA,"EE00A","EE007",735,"Ida-Viru county"
"sillamäe linn","avg_wage","2022",NA,"EE00A","EE007",735,"Ida-Viru county"
"sillamäe linn","avg_wage","2023",1386,"EE00A","EE007",735,"Ida-Viru county"
"sillamäe linn","avg_wage","2024",1537,"EE00A","EE007",735,"Ida-Viru county"
"sillamäe linn","employees","2021",NA,"EE00A","EE007",735,"Ida-Viru county"
"sillamäe linn","employees","2022",NA,"EE00A","EE007",735,"Ida-Viru county"
"sillamäe linn","employees","2023",3455,"EE00A","EE007",735,"Ida-Viru county"
"sillamäe linn","employees","2024",3123,"EE00A","EE007",735,"Ida-Viru county"
"sillamäe linn","median_wage","2021",NA,"EE00A","EE007",735,"Ida-Viru county"
"sillamäe linn","median_wage","2022",NA,"EE00A","EE007",735,"Ida-Viru county"
"sillamäe linn","median_wage","2023",1186,"EE00A","EE007",735,"Ida-Viru county"
"sillamäe linn","median_wage","2024",1297,"EE00A","EE007",735,"Ida-Viru county"
"sillamäe linn","%change","2021",NA,"EE00A","EE007",735,"Ida-Viru county"
"sillamäe linn","%change","2022",NA,"EE00A","EE007",735,"Ida-Viru county"
"sillamäe linn","%change","2023",NA,"EE00A","EE007",735,"Ida-Viru county"
"sillamäe linn","%change","2024",10.9,"EE00A","EE007",735,"Ida-Viru county"
"sillamäe linn, until 2022","avg_wage","2021",1142,NA,NA,NA,NA
"sillamäe linn, until 2022","avg_wage","2022",1237,NA,NA,NA,NA
"sillamäe linn, until 2022","avg_wage","2023",NA,NA,NA,NA,NA
"sillamäe linn, until 2022","avg_wage","2024",NA,NA,NA,NA,NA
"sillamäe linn, until 2022","employees","2021",3828,NA,NA,NA,NA
"sillamäe linn, until 2022","employees","2022",3654,NA,NA,NA,NA
"sillamäe linn, until 2022","employees","2023",NA,NA,NA,NA,NA
"sillamäe linn, until 2022","employees","2024",NA,NA,NA,NA,NA
"sillamäe linn, until 2022","median_wage","2021",987,NA,NA,NA,NA
"sillamäe linn, until 2022","median_wage","2022",1068,NA,NA,NA,NA
"sillamäe linn, until 2022","median_wage","2023",NA,NA,NA,NA,NA
"sillamäe linn, until 2022","median_wage","2024",NA,NA,NA,NA,NA
"sillamäe linn, until 2022","%change","2021",NA,NA,NA,NA,NA
"sillamäe linn, until 2022","%change","2022",8.3,NA,NA,NA,NA
"sillamäe linn, until 2022","%change","2023",NA,NA,NA,NA,NA
"sillamäe linn, until 2022","%change","2024",NA,NA,NA,NA,NA
"tallinn","avg_wage","2021",1724,"EE001","EE001",784,"Harju county"
"tallinn","avg_wage","2022",1935,"EE001","EE001",784,"Harju county"
"tallinn","avg_wage","2023",2152,"EE001","EE001",784,"Harju county"
"tallinn","avg_wage","2024",2325,"EE001","EE001",784,"Harju county"
"tallinn","employees","2021",242841,"EE001","EE001",784,"Harju county"
"tallinn","employees","2022",254714,"EE001","EE001",784,"Harju county"
"tallinn","employees","2023",254498,"EE001","EE001",784,"Harju county"
"tallinn","employees","2024",252042,"EE001","EE001",784,"Harju county"
"tallinn","median_wage","2021",1378,"EE001","EE001",784,"Harju county"
"tallinn","median_wage","2022",1543,"EE001","EE001",784,"Harju county"
"tallinn","median_wage","2023",1749,"EE001","EE001",784,"Harju county"
"tallinn","median_wage","2024",1896,"EE001","EE001",784,"Harju county"
"tallinn","%change","2021",NA,"EE001","EE001",784,"Harju county"
"tallinn","%change","2022",12.3,"EE001","EE001",784,"Harju county"
"tallinn","%change","2023",11.2,"EE001","EE001",784,"Harju county"
"tallinn","%change","2024",8,"EE001","EE001",784,"Harju county"
"tapa vald","avg_wage","2021",1144,"EE009","EE006",792,"Lääne-Viru county"
"tapa vald","avg_wage","2022",1234,"EE009","EE006",792,"Lääne-Viru county"
"tapa vald","avg_wage","2023",1389,"EE009","EE006",792,"Lääne-Viru county"
"tapa vald","avg_wage","2024",1488,"EE009","EE006",792,"Lääne-Viru county"
"tapa vald","employees","2021",2933,"EE009","EE006",792,"Lääne-Viru county"
"tapa vald","employees","2022",2931,"EE009","EE006",792,"Lääne-Viru county"
"tapa vald","employees","2023",2783,"EE009","EE006",792,"Lääne-Viru county"
"tapa vald","employees","2024",2750,"EE009","EE006",792,"Lääne-Viru county"
"tapa vald","median_wage","2021",1016,"EE009","EE006",792,"Lääne-Viru county"
"tapa vald","median_wage","2022",1105,"EE009","EE006",792,"Lääne-Viru county"
"tapa vald","median_wage","2023",1229,"EE009","EE006",792,"Lääne-Viru county"
"tapa vald","median_wage","2024",1329,"EE009","EE006",792,"Lääne-Viru county"
"tapa vald","%change","2021",NA,"EE009","EE006",792,"Lääne-Viru county"
"tapa vald","%change","2022",7.8,"EE009","EE006",792,"Lääne-Viru county"
"tapa vald","%change","2023",12.6,"EE009","EE006",792,"Lääne-Viru county"
"tapa vald","%change","2024",7.1,"EE009","EE006",792,"Lääne-Viru county"
"tartu linn","avg_wage","2021",1540,"EE008","EE008",793,"Tartu county"
"tartu linn","avg_wage","2022",1718,"EE008","EE008",793,"Tartu county"
"tartu linn","avg_wage","2023",1929,"EE008","EE008",793,"Tartu county"
"tartu linn","avg_wage","2024",2104,"EE008","EE008",793,"Tartu county"
"tartu linn","employees","2021",58387,"EE008","EE008",793,"Tartu county"
"tartu linn","employees","2022",60503,"EE008","EE008",793,"Tartu county"
"tartu linn","employees","2023",60381,"EE008","EE008",793,"Tartu county"
"tartu linn","employees","2024",60178,"EE008","EE008",793,"Tartu county"
"tartu linn","median_wage","2021",1284,"EE008","EE008",793,"Tartu county"
"tartu linn","median_wage","2022",1432,"EE008","EE008",793,"Tartu county"
"tartu linn","median_wage","2023",1625,"EE008","EE008",793,"Tartu county"
"tartu linn","median_wage","2024",1774,"EE008","EE008",793,"Tartu county"
"tartu linn","%change","2021",NA,"EE008","EE008",793,"Tartu county"
"tartu linn","%change","2022",11.6,"EE008","EE008",793,"Tartu county"
"tartu linn","%change","2023",12.3,"EE008","EE008",793,"Tartu county"
"tartu linn","%change","2024",9.1,"EE008","EE008",793,"Tartu county"
"tartu vald","avg_wage","2021",1304,"EE008","EE008",796,"Tartu county"
"tartu vald","avg_wage","2022",1451,"EE008","EE008",796,"Tartu county"
"tartu vald","avg_wage","2023",1609,"EE008","EE008",796,"Tartu county"
"tartu vald","avg_wage","2024",1723,"EE008","EE008",796,"Tartu county"
"tartu vald","employees","2021",4586,"EE008","EE008",796,"Tartu county"
"tartu vald","employees","2022",4938,"EE008","EE008",796,"Tartu county"
"tartu vald","employees","2023",4991,"EE008","EE008",796,"Tartu county"
"tartu vald","employees","2024",4979,"EE008","EE008",796,"Tartu county"
"tartu vald","median_wage","2021",1156,"EE008","EE008",796,"Tartu county"
"tartu vald","median_wage","2022",1264,"EE008","EE008",796,"Tartu county"
"tartu vald","median_wage","2023",1400,"EE008","EE008",796,"Tartu county"
"tartu vald","median_wage","2024",1507,"EE008","EE008",796,"Tartu county"
"tartu vald","%change","2021",NA,"EE008","EE008",796,"Tartu county"
"tartu vald","%change","2022",11.2,"EE008","EE008",796,"Tartu county"
"tartu vald","%change","2023",10.9,"EE008","EE008",796,"Tartu county"
"tartu vald","%change","2024",7.1,"EE008","EE008",796,"Tartu county"
"toila vald","avg_wage","2021",969,"EE00A","EE007",803,"Ida-Viru county"
"toila vald","avg_wage","2022",1123,"EE00A","EE007",803,"Ida-Viru county"
"toila vald","avg_wage","2023",1279,"EE00A","EE007",803,"Ida-Viru county"
"toila vald","avg_wage","2024",1386,"EE00A","EE007",803,"Ida-Viru county"
"toila vald","employees","2021",966,"EE00A","EE007",803,"Ida-Viru county"
"toila vald","employees","2022",989,"EE00A","EE007",803,"Ida-Viru county"
"toila vald","employees","2023",985,"EE00A","EE007",803,"Ida-Viru county"
"toila vald","employees","2024",926,"EE00A","EE007",803,"Ida-Viru county"
"toila vald","median_wage","2021",833,"EE00A","EE007",803,"Ida-Viru county"
"toila vald","median_wage","2022",962,"EE00A","EE007",803,"Ida-Viru county"
"toila vald","median_wage","2023",1067,"EE00A","EE007",803,"Ida-Viru county"
"toila vald","median_wage","2024",1147,"EE00A","EE007",803,"Ida-Viru county"
"toila vald","%change","2021",NA,"EE00A","EE007",803,"Ida-Viru county"
"toila vald","%change","2022",15.9,"EE00A","EE007",803,"Ida-Viru county"
"toila vald","%change","2023",13.9,"EE00A","EE007",803,"Ida-Viru county"
"toila vald","%change","2024",8.3,"EE00A","EE007",803,"Ida-Viru county"
"tori vald","avg_wage","2021",NA,"EE004","EE004",809,"Pärnu county"
"tori vald","avg_wage","2022",NA,"EE004","EE004",809,"Pärnu county"
"tori vald","avg_wage","2023",NA,"EE004","EE004",809,"Pärnu county"
"tori vald","avg_wage","2024",NA,"EE004","EE004",809,"Pärnu county"
"tori vald","employees","2021",NA,"EE004","EE004",809,"Pärnu county"
"tori vald","employees","2022",NA,"EE004","EE004",809,"Pärnu county"
"tori vald","employees","2023",NA,"EE004","EE004",809,"Pärnu county"
"tori vald","employees","2024",NA,"EE004","EE004",809,"Pärnu county"
"tori vald","median_wage","2021",NA,"EE004","EE004",809,"Pärnu county"
"tori vald","median_wage","2022",NA,"EE004","EE004",809,"Pärnu county"
"tori vald","median_wage","2023",NA,"EE004","EE004",809,"Pärnu county"
"tori vald","median_wage","2024",NA,"EE004","EE004",809,"Pärnu county"
"tori vald","%change","2021",NA,"EE004","EE004",809,"Pärnu county"
"tori vald","%change","2022",NA,"EE004","EE004",809,"Pärnu county"
"tori vald","%change","2023",NA,"EE004","EE004",809,"Pärnu county"
"tori vald","%change","2024",NA,"EE004","EE004",809,"Pärnu county"
"tori vald, until 2024","avg_wage","2021",1216,NA,NA,NA,NA
"tori vald, until 2024","avg_wage","2022",1338,NA,NA,NA,NA
"tori vald, until 2024","avg_wage","2023",1484,NA,NA,NA,NA
"tori vald, until 2024","avg_wage","2024",1573,NA,NA,NA,NA
"tori vald, until 2024","employees","2021",2858,NA,NA,NA,NA
"tori vald, until 2024","employees","2022",2902,NA,NA,NA,NA
"tori vald, until 2024","employees","2023",3037,NA,NA,NA,NA
"tori vald, until 2024","employees","2024",3013,NA,NA,NA,NA
"tori vald, until 2024","median_wage","2021",1047,NA,NA,NA,NA
"tori vald, until 2024","median_wage","2022",1158,NA,NA,NA,NA
"tori vald, until 2024","median_wage","2023",1287,NA,NA,NA,NA
"tori vald, until 2024","median_wage","2024",1377,NA,NA,NA,NA
"tori vald, until 2024","%change","2021",NA,NA,NA,NA,NA
"tori vald, until 2024","%change","2022",10.1,NA,NA,NA,NA
"tori vald, until 2024","%change","2023",10.9,NA,NA,NA,NA
"tori vald, until 2024","%change","2024",5.9,NA,NA,NA,NA
"tõrva vald","avg_wage","2021",1233,"EE008","EE008",824,"Valga county"
"tõrva vald","avg_wage","2022",1262,"EE008","EE008",824,"Valga county"
"tõrva vald","avg_wage","2023",1373,"EE008","EE008",824,"Valga county"
"tõrva vald","avg_wage","2024",1471,"EE008","EE008",824,"Valga county"
"tõrva vald","employees","2021",1835,"EE008","EE008",824,"Valga county"
"tõrva vald","employees","2022",1829,"EE008","EE008",824,"Valga county"
"tõrva vald","employees","2023",1738,"EE008","EE008",824,"Valga county"
"tõrva vald","employees","2024",1699,"EE008","EE008",824,"Valga county"
"tõrva vald","median_wage","2021",984,"EE008","EE008",824,"Valga county"
"tõrva vald","median_wage","2022",1064,"EE008","EE008",824,"Valga county"
"tõrva vald","median_wage","2023",1161,"EE008","EE008",824,"Valga county"
"tõrva vald","median_wage","2024",1250,"EE008","EE008",824,"Valga county"
"tõrva vald","%change","2021",NA,"EE008","EE008",824,"Valga county"
"tõrva vald","%change","2022",2.4,"EE008","EE008",824,"Valga county"
"tõrva vald","%change","2023",8.8,"EE008","EE008",824,"Valga county"
"tõrva vald","%change","2024",7.1,"EE008","EE008",824,"Valga county"
"türi vald","avg_wage","2021",1208,"EE009","EE006",834,"Järva county"
"türi vald","avg_wage","2022",1322,"EE009","EE006",834,"Järva county"
"türi vald","avg_wage","2023",1480,"EE009","EE006",834,"Järva county"
"türi vald","avg_wage","2024",1594,"EE009","EE006",834,"Järva county"
"türi vald","employees","2021",2981,"EE009","EE006",834,"Järva county"
"türi vald","employees","2022",3014,"EE009","EE006",834,"Järva county"
"türi vald","employees","2023",2993,"EE009","EE006",834,"Järva county"
"türi vald","employees","2024",3018,"EE009","EE006",834,"Järva county"
"türi vald","median_wage","2021",1036,"EE009","EE006",834,"Järva county"
"türi vald","median_wage","2022",1144,"EE009","EE006",834,"Järva county"
"türi vald","median_wage","2023",1266,"EE009","EE006",834,"Järva county"
"türi vald","median_wage","2024",1411,"EE009","EE006",834,"Järva county"
"türi vald","%change","2021",NA,"EE009","EE006",834,"Järva county"
"türi vald","%change","2022",9.4,"EE009","EE006",834,"Järva county"
"türi vald","%change","2023",11.9,"EE009","EE006",834,"Järva county"
"türi vald","%change","2024",7.7,"EE009","EE006",834,"Järva county"
"valga vald","avg_wage","2021",NA,"EE008","EE008",855,"Valga county"
"valga vald","avg_wage","2022",NA,"EE008","EE008",855,"Valga county"
"valga vald","avg_wage","2023",NA,"EE008","EE008",855,"Valga county"
"valga vald","avg_wage","2024",1434,"EE008","EE008",855,"Valga county"
"valga vald","employees","2021",NA,"EE008","EE008",855,"Valga county"
"valga vald","employees","2022",NA,"EE008","EE008",855,"Valga county"
"valga vald","employees","2023",NA,"EE008","EE008",855,"Valga county"
"valga vald","employees","2024",4212,"EE008","EE008",855,"Valga county"
"valga vald","median_wage","2021",NA,"EE008","EE008",855,"Valga county"
"valga vald","median_wage","2022",NA,"EE008","EE008",855,"Valga county"
"valga vald","median_wage","2023",NA,"EE008","EE008",855,"Valga county"
"valga vald","median_wage","2024",1242,"EE008","EE008",855,"Valga county"
"valga vald","%change","2021",NA,"EE008","EE008",855,"Valga county"
"valga vald","%change","2022",NA,"EE008","EE008",855,"Valga county"
"valga vald","%change","2023",NA,"EE008","EE008",855,"Valga county"
"valga vald","%change","2024",NA,"EE008","EE008",855,"Valga county"
"valga vald, until 2023","avg_wage","2021",1061,NA,NA,NA,NA
"valga vald, until 2023","avg_wage","2022",1164,NA,NA,NA,NA
"valga vald, until 2023","avg_wage","2023",1317,NA,NA,NA,NA
"valga vald, until 2023","avg_wage","2024",NA,NA,NA,NA,NA
"valga vald, until 2023","employees","2021",4498,NA,NA,NA,NA
"valga vald, until 2023","employees","2022",4490,NA,NA,NA,NA
"valga vald, until 2023","employees","2023",4289,NA,NA,NA,NA
"valga vald, until 2023","employees","2024",NA,NA,NA,NA,NA
"valga vald, until 2023","median_wage","2021",918,NA,NA,NA,NA
"valga vald, until 2023","median_wage","2022",1016,NA,NA,NA,NA
"valga vald, until 2023","median_wage","2023",1149,NA,NA,NA,NA
"valga vald, until 2023","median_wage","2024",NA,NA,NA,NA,NA
"valga vald, until 2023","%change","2021",NA,NA,NA,NA,NA
"valga vald, until 2023","%change","2022",9.7,NA,NA,NA,NA
"valga vald, until 2023","%change","2023",13.2,NA,NA,NA,NA
"valga vald, until 2023","%change","2024",NA,NA,NA,NA,NA
"viimsi vald","avg_wage","2021",1380,"EE001","EE001",890,"Harju county"
"viimsi vald","avg_wage","2022",1514,"EE001","EE001",890,"Harju county"
"viimsi vald","avg_wage","2023",1690,"EE001","EE001",890,"Harju county"
"viimsi vald","avg_wage","2024",1808,"EE001","EE001",890,"Harju county"
"viimsi vald","employees","2021",6121,"EE001","EE001",890,"Harju county"
"viimsi vald","employees","2022",6286,"EE001","EE001",890,"Harju county"
"viimsi vald","employees","2023",6240,"EE001","EE001",890,"Harju county"
"viimsi vald","employees","2024",6091,"EE001","EE001",890,"Harju county"
"viimsi vald","median_wage","2021",1190,"EE001","EE001",890,"Harju county"
"viimsi vald","median_wage","2022",1297,"EE001","EE001",890,"Harju county"
"viimsi vald","median_wage","2023",1429,"EE001","EE001",890,"Harju county"
"viimsi vald","median_wage","2024",1518,"EE001","EE001",890,"Harju county"
"viimsi vald","%change","2021",NA,"EE001","EE001",890,"Harju county"
"viimsi vald","%change","2022",9.7,"EE001","EE001",890,"Harju county"
"viimsi vald","%change","2023",11.6,"EE001","EE001",890,"Harju county"
"viimsi vald","%change","2024",7,"EE001","EE001",890,"Harju county"
"viljandi linn","avg_wage","2021",1257,"EE008","EE008",897,"Viljandi county"
"viljandi linn","avg_wage","2022",1381,"EE008","EE008",897,"Viljandi county"
"viljandi linn","avg_wage","2023",1519,"EE008","EE008",897,"Viljandi county"
"viljandi linn","avg_wage","2024",1633,"EE008","EE008",897,"Viljandi county"
"viljandi linn","employees","2021",9153,"EE008","EE008",897,"Viljandi county"
"viljandi linn","employees","2022",9347,"EE008","EE008",897,"Viljandi county"
"viljandi linn","employees","2023",9077,"EE008","EE008",897,"Viljandi county"
"viljandi linn","employees","2024",8750,"EE008","EE008",897,"Viljandi county"
"viljandi linn","median_wage","2021",1128,"EE008","EE008",897,"Viljandi county"
"viljandi linn","median_wage","2022",1236,"EE008","EE008",897,"Viljandi county"
"viljandi linn","median_wage","2023",1348,"EE008","EE008",897,"Viljandi county"
"viljandi linn","median_wage","2024",1448,"EE008","EE008",897,"Viljandi county"
"viljandi linn","%change","2021",NA,"EE008","EE008",897,"Viljandi county"
"viljandi linn","%change","2022",9.9,"EE008","EE008",897,"Viljandi county"
"viljandi linn","%change","2023",10,"EE008","EE008",897,"Viljandi county"
"viljandi linn","%change","2024",7.5,"EE008","EE008",897,"Viljandi county"
"viljandi vald","avg_wage","2021",1276,"EE008","EE008",899,"Viljandi county"
"viljandi vald","avg_wage","2022",1424,"EE008","EE008",899,"Viljandi county"
"viljandi vald","avg_wage","2023",1585,"EE008","EE008",899,"Viljandi county"
"viljandi vald","avg_wage","2024",1750,"EE008","EE008",899,"Viljandi county"
"viljandi vald","employees","2021",4517,"EE008","EE008",899,"Viljandi county"
"viljandi vald","employees","2022",4551,"EE008","EE008",899,"Viljandi county"
"viljandi vald","employees","2023",4582,"EE008","EE008",899,"Viljandi county"
"viljandi vald","employees","2024",4602,"EE008","EE008",899,"Viljandi county"
"viljandi vald","median_wage","2021",1123,"EE008","EE008",899,"Viljandi county"
"viljandi vald","median_wage","2022",1253,"EE008","EE008",899,"Viljandi county"
"viljandi vald","median_wage","2023",1396,"EE008","EE008",899,"Viljandi county"
"viljandi vald","median_wage","2024",1539,"EE008","EE008",899,"Viljandi county"
"viljandi vald","%change","2021",NA,"EE008","EE008",899,"Viljandi county"
"viljandi vald","%change","2022",11.6,"EE008","EE008",899,"Viljandi county"
"viljandi vald","%change","2023",11.3,"EE008","EE008",899,"Viljandi county"
"viljandi vald","%change","2024",10.4,"EE008","EE008",899,"Viljandi county"
"vinni vald","avg_wage","2021",1146,"EE009","EE006",901,"Lääne-Viru county"
"vinni vald","avg_wage","2022",1262,"EE009","EE006",901,"Lääne-Viru county"
"vinni vald","avg_wage","2023",1437,"EE009","EE006",901,"Lääne-Viru county"
"vinni vald","avg_wage","2024",1591,"EE009","EE006",901,"Lääne-Viru county"
"vinni vald","employees","2021",1684,"EE009","EE006",901,"Lääne-Viru county"
"vinni vald","employees","2022",1669,"EE009","EE006",901,"Lääne-Viru county"
"vinni vald","employees","2023",1632,"EE009","EE006",901,"Lääne-Viru county"
"vinni vald","employees","2024",1628,"EE009","EE006",901,"Lääne-Viru county"
"vinni vald","median_wage","2021",1012,"EE009","EE006",901,"Lääne-Viru county"
"vinni vald","median_wage","2022",1125,"EE009","EE006",901,"Lääne-Viru county"
"vinni vald","median_wage","2023",1280,"EE009","EE006",901,"Lääne-Viru county"
"vinni vald","median_wage","2024",1428,"EE009","EE006",901,"Lääne-Viru county"
"vinni vald","%change","2021",NA,"EE009","EE006",901,"Lääne-Viru county"
"vinni vald","%change","2022",10.1,"EE009","EE006",901,"Lääne-Viru county"
"vinni vald","%change","2023",13.9,"EE009","EE006",901,"Lääne-Viru county"
"vinni vald","%change","2024",10.7,"EE009","EE006",901,"Lääne-Viru county"
"viru-nigula vald","avg_wage","2021",1284,"EE009","EE006",903,"Lääne-Viru county"
"viru-nigula vald","avg_wage","2022",1417,"EE009","EE006",903,"Lääne-Viru county"
"viru-nigula vald","avg_wage","2023",1559,"EE009","EE006",903,"Lääne-Viru county"
"viru-nigula vald","avg_wage","2024",1679,"EE009","EE006",903,"Lääne-Viru county"
"viru-nigula vald","employees","2021",1646,"EE009","EE006",903,"Lääne-Viru county"
"viru-nigula vald","employees","2022",1593,"EE009","EE006",903,"Lääne-Viru county"
"viru-nigula vald","employees","2023",1531,"EE009","EE006",903,"Lääne-Viru county"
"viru-nigula vald","employees","2024",1511,"EE009","EE006",903,"Lääne-Viru county"
"viru-nigula vald","median_wage","2021",1113,"EE009","EE006",903,"Lääne-Viru county"
"viru-nigula vald","median_wage","2022",1228,"EE009","EE006",903,"Lääne-Viru county"
"viru-nigula vald","median_wage","2023",1384,"EE009","EE006",903,"Lääne-Viru county"
"viru-nigula vald","median_wage","2024",1452,"EE009","EE006",903,"Lääne-Viru county"
"viru-nigula vald","%change","2021",NA,"EE009","EE006",903,"Lääne-Viru county"
"viru-nigula vald","%change","2022",10.3,"EE009","EE006",903,"Lääne-Viru county"
"viru-nigula vald","%change","2023",10,"EE009","EE006",903,"Lääne-Viru county"
"viru-nigula vald","%change","2024",7.6,"EE009","EE006",903,"Lääne-Viru county"
"vormsi vald","avg_wage","2021",1141,"EE004","EE004",907,"Lääne county"
"vormsi vald","avg_wage","2022",1326,"EE004","EE004",907,"Lääne county"
"vormsi vald","avg_wage","2023",1555,"EE004","EE004",907,"Lääne county"
"vormsi vald","avg_wage","2024",1555,"EE004","EE004",907,"Lääne county"
"vormsi vald","employees","2021",73,"EE004","EE004",907,"Lääne county"
"vormsi vald","employees","2022",69,"EE004","EE004",907,"Lääne county"
"vormsi vald","employees","2023",71,"EE004","EE004",907,"Lääne county"
"vormsi vald","employees","2024",81,"EE004","EE004",907,"Lääne county"
"vormsi vald","median_wage","2021",1030,"EE004","EE004",907,"Lääne county"
"vormsi vald","median_wage","2022",1205,"EE004","EE004",907,"Lääne county"
"vormsi vald","median_wage","2023",1320,"EE004","EE004",907,"Lääne county"
"vormsi vald","median_wage","2024",1400,"EE004","EE004",907,"Lääne county"
"vormsi vald","%change","2021",NA,"EE004","EE004",907,"Lääne county"
"vormsi vald","%change","2022",16.2,"EE004","EE004",907,"Lääne county"
"vormsi vald","%change","2023",17.3,"EE004","EE004",907,"Lääne county"
"vormsi vald","%change","2024",0,"EE004","EE004",907,"Lääne county"
"väike-maarja vald","avg_wage","2021",1152,"EE009","EE006",928,"Lääne-Viru county"
"väike-maarja vald","avg_wage","2022",1244,"EE009","EE006",928,"Lääne-Viru county"
"väike-maarja vald","avg_wage","2023",1397,"EE009","EE006",928,"Lääne-Viru county"
"väike-maarja vald","avg_wage","2024",1512,"EE009","EE006",928,"Lääne-Viru county"
"väike-maarja vald","employees","2021",1721,"EE009","EE006",928,"Lääne-Viru county"
"väike-maarja vald","employees","2022",1728,"EE009","EE006",928,"Lääne-Viru county"
"väike-maarja vald","employees","2023",1715,"EE009","EE006",928,"Lääne-Viru county"
"väike-maarja vald","employees","2024",1753,"EE009","EE006",928,"Lääne-Viru county"
"väike-maarja vald","median_wage","2021",958,"EE009","EE006",928,"Lääne-Viru county"
"väike-maarja vald","median_wage","2022",1060,"EE009","EE006",928,"Lääne-Viru county"
"väike-maarja vald","median_wage","2023",1175,"EE009","EE006",928,"Lääne-Viru county"
"väike-maarja vald","median_wage","2024",1320,"EE009","EE006",928,"Lääne-Viru county"
"väike-maarja vald","%change","2021",NA,"EE009","EE006",928,"Lääne-Viru county"
"väike-maarja vald","%change","2022",8,"EE009","EE006",928,"Lääne-Viru county"
"väike-maarja vald","%change","2023",12.3,"EE009","EE006",928,"Lääne-Viru county"
"väike-maarja vald","%change","2024",8.2,"EE009","EE006",928,"Lääne-Viru county"
"võru linn","avg_wage","2021",1116,"EE008","EE008",919,"Võru county"
"võru linn","avg_wage","2022",1256,"EE008","EE008",919,"Võru county"
"võru linn","avg_wage","2023",1407,"EE008","EE008",919,"Võru county"
"võru linn","avg_wage","2024",1504,"EE008","EE008",919,"Võru county"
"võru linn","employees","2021",5591,"EE008","EE008",919,"Võru county"
"võru linn","employees","2022",5666,"EE008","EE008",919,"Võru county"
"võru linn","employees","2023",5588,"EE008","EE008",919,"Võru county"
"võru linn","employees","2024",5561,"EE008","EE008",919,"Võru county"
"võru linn","median_wage","2021",975,"EE008","EE008",919,"Võru county"
"võru linn","median_wage","2022",1102,"EE008","EE008",919,"Võru county"
"võru linn","median_wage","2023",1224,"EE008","EE008",919,"Võru county"
"võru linn","median_wage","2024",1310,"EE008","EE008",919,"Võru county"
"võru linn","%change","2021",NA,"EE008","EE008",919,"Võru county"
"võru linn","%change","2022",12.5,"EE008","EE008",919,"Võru county"
"võru linn","%change","2023",12,"EE008","EE008",919,"Võru county"
"võru linn","%change","2024",6.9,"EE008","EE008",919,"Võru county"
"võru vald","avg_wage","2021",1341,"EE008","EE008",917,"Võru county"
"võru vald","avg_wage","2022",1435,"EE008","EE008",917,"Võru county"
"võru vald","avg_wage","2023",1588,"EE008","EE008",917,"Võru county"
"võru vald","avg_wage","2024",1710,"EE008","EE008",917,"Võru county"
"võru vald","employees","2021",3434,"EE008","EE008",917,"Võru county"
"võru vald","employees","2022",3499,"EE008","EE008",917,"Võru county"
"võru vald","employees","2023",3451,"EE008","EE008",917,"Võru county"
"võru vald","employees","2024",3446,"EE008","EE008",917,"Võru county"
"võru vald","median_wage","2021",1129,"EE008","EE008",917,"Võru county"
"võru vald","median_wage","2022",1211,"EE008","EE008",917,"Võru county"
"võru vald","median_wage","2023",1355,"EE008","EE008",917,"Võru county"
"võru vald","median_wage","2024",1481,"EE008","EE008",917,"Võru county"
"võru vald","%change","2021",NA,"EE008","EE008",917,"Võru county"
"võru vald","%change","2022",7.1,"EE008","EE008",917,"Võru county"
"võru vald","%change","2023",10.6,"EE008","EE008",917,"Võru county"
"võru vald","%change","2024",7.7,"EE008","EE008",917,"Võru county"
